title_id,title,genre,authors,weekdays,length,subscribers,rating,views,likes,status,daily_pass,synopsis
4578,Ultimativer Endgegner Gong,FANTASY,"KIM JANGHUN,HA SEONGSHIN,PARK SUBONG",SATURDAY,5,1683,9.7,11488,519,ONGOING,False,"Der legendäre Kommandant Gong ist der beste MMO-Spieler der Welt und Anführer der stärksten Gilde namens „Endspielkönig“ - und ganz nebenbei wird er seit einer Woche vermisst! Es stellt sich heraus, dass er Beta-Tester für ein neues Virtual-Reality-Spiel namens Astrom geworden ist. Doch die Intrige einer bösartigen KI führt dazu, dass er in einen NPC verwandelt wird und somit im Spiel feststeckt. Nun muss er einen Weg finden, diesem kranken Metaversum zu entkommen - doch wird es ihm als besten Spieler der Welt gelingen, die künstliche Intelligenz zu überlisten?
"
4577,Complicated Cohabitation,ROMANCE,"Hwang Han-Young,I-room",FRIDAY,5,2653,9.4,21436,885,ONGOING,False,"Unvermeidbare Umstände führen dazu, dass Yookyung mit Yijun, einem Freund ihres kleinen Bruders, zusammenleben muss. Zunächst tut sie sich mit ihrer neuen Wohnsituation schwer, aber schließlich findet sie es gar nicht so schlimm, als sich herausstellt, dass sich Yijun ausgesprochen gut bei Hausarbeiten anstellt. Zudem zeigt er sich auch von seiner besten Seite, während er Yookyung tröstet, als ihr Freund zunehmend kälter und abweisender wird. Doch die Dinge werden schnell kompliziert, als er Gefühle für sie zu entwickeln scheint."
4576,Die Rückkehr der Huashan-Sekte,ACTION,"LICO,Biga",THURSDAY,5,2048,9.91,14748,735,ONGOING,False,"Als Cheongmyeong von der Huashan-Sekte hundert Jahre in der Zukunft erwacht, sind seine letzten Erinnerungen die einer blutigen Schlacht gegen Cheonma, den Anführer des Dämonenkults. Die Schlacht hätte beinahe das Ende der Zehn Großen Sekten des alten Chinas bedeutet, bevor es Cheongmyeong gelang, Cheonma niederzuschlagen und das Blutvergießen zu beenden. Bald darauf erlag er jedoch seinen Wunden, erfüllt von Bedauern über seinen letztlich bedeutungslosen Sieg. Doch mit seiner Wiedererwachung ist noch nicht alles verloren. Schockiert darüber, dass seine geliebte Huashan-Sekte in der Gegenwart nur noch ein Schatten ihrer selbst ist, begibt sich Cheongmyeong auf eine Reise, um sie zu ihrem früheren Ruhm zu verhelfen. 
"
4575,Rewriting My Dark Past,FANTASY,"TARU,SOMIN,JONAH",WEDNESDAY,3,2701,9.39,40433,1966,ONGOING,True,"Reina ist eine junge Adlige, die mit einem schwarzen Drachen zusammenlebt ... so scheint es zumindest! Doch in Wahrheit ist sie eine ganz normale junge Frau, die sich plötzlich in dem fiktiven Roman wiederfindet, den sie als Teenager geschrieben hat. Man sollte also meinen, sie würde wissen, wie die Geschichte verlaufen wird ... doch warum verhalten sich die Figuren des Kronprinzen und des Erzherzogs plötzlich ganz anders, als sie erwartet hatte? "
4574,Ghost King,ACTION,"SON GOHOO,PARK JINSEOK",TUESDAY,5,2245,8.27,14241,615,ONGOING,False,"Was wäre, wenn die Welt in Menschen mit und Menschen ohne Martial Arts Fähigkeiten unterteilt wäre? Taeyeon Kang ist einer der wenigen Glücklichen, die mit genau solchen Fähigkeiten geboren wurden. Als Neuling an der Murim Polizeiunversität, einer Schule für Menschen mit besonderen Kräften, hat Taeyeon jedoch sein ganz eigenes Geheimnis. Er ist hier, um die Wahrheit hinter dem Verschwinden seines Vaters aufzudecken und um Schutz vor dem bösen Murim-Clan zu suchen, die hinter dem geheimen Buch mit den Kampfkunsttechniken seiner Familie her ist. Zur gleichen Zeit kehrt der legendäre Phatomkönig Jahre nach seinem mysteriösen Verschwinden zurück. Doch wer ist dieser maskierte Anti-Held?

"
4573,Ihr süßes Blut,ROMANCE,"S,NALCHI",MONDAY,3,3674,9.51,51352,2345,ONGOING,True,"In einer Welt, in der Vampire Blut wie Wein als hochpreisige Produkte nach Geschmack und Qualität bewerten, betriebt der mysteriöse Harry Kingston als Blutmakler eine kleine Weinbar in Korea. Als eines Tages die Highschool-Schülerin Yeonseo auftaucht, stellt Harry fest, dass ihr besonderes Blut einen enormen Wert hat und schlägt ihr einen Exklusivvertrag für ihr Blut vor. Von Geldsorgen getrieben nimmt Yeonseo das Angebot an und zwischen den beiden beginnt eine turbulente Zweckspartnerschaft.
"
4516,Eleceed,ACTION,"Jeho Son,ZHENA","WEDNESDAY,SATURDAY",17,2454,9.72,34171,1979,ONGOING,False,"Jiwoo ist ein gutherziger (und viel zu naiver) Oberschüler, der sich seine blitzschnellen Reflexe zunutze macht, um die Welt heimlich zu einem besseren Ort zu machen. Kayden ist ein Geheimagent auf der Flucht, der im Körper einer ... ähm ... ausgesprochen fetten, alten, flauschigen Katze feststeckt. Bewaffnet mit Jiwoos Superkräften und Kaydens Superintelligenz, kämpfen sie gemeinsam gegen böse Mächte, die nach der Herrschaft über die Welt trachten. Vorausgesetzt natürlich, dass sie einander lange genug aushalten können, um den Job zu erledigen."
4515,Multi-Skill Collector,ACTION,"KEYBOARD MANSAE,KIM DAE HOON",FRIDAY,10,2623,9.62,29260,1293,ONGOING,False,"Seit zwei Jahren wird Jaerim jede Nacht von denselben Albträumen heimgesucht, die ein Horrorspiel zeigen, in dem er eine Zombie-Apokalypse überleben muss. Doch eines Tages wird sein Albtraum plötzlich zur Realität und er, der dieses Spiel bereits hunderte Male gespielt hat, entschließt sich dazu, sich seinen Albträumen zu stellen und sie für immer loszuwerden!"
4514,Eine Nacht mit dem Kaiser,ROMANCE,"Bloomy,INUS,Seunghyun Cha",THURSDAY,3,6520,9.7,178643,7452,ONGOING,True,"Eine geplatzte Verlobung und ein Drink zu viel führen zu einem Fehler, der das Leben von Penelope Zecalion für immer verändern wird: Plötzlich wacht sie an der Seite eines Fremden auf, der sich als der Kaiser entpuppt! Zunächst zögert die griesgrämige Penelope, sich dem Kaiser zu öffnen, nachdem ihre erste Verlobung ein so unglückliches Ende fand. Wird es dem Kaiser gelingen, ihr Herz zu gewinnen?"
4513,Das Blut der Schmetterlinge,FANTASY,Remin,WEDNESDAY,10,5003,9.44,54820,2520,ONGOING,False,"Als ein Schwarm riesiger Käfer droht, die Menschheit auszulöschen, ist die einzige Hoffnung der Welt eine Gruppe von Menschen mit besonderen Fähigkeiten - die Schmetterlinge. Für Maehwa Baek sind die Schmetterlinge nur Helden, die er im Fernsehen sieht, bis ein tragisches Ereignis ihn zu den Wissenschaftlern führt, die sie erschaffen haben. Schon bald muss sich Maehwa mit Fragen über sich selbst auseinandersetzen, die er lange vermieden hat: Warum verliert er beim Anblick seines eigenen Blutes die Kontrolle? Und was geschah während der 13 Jahre seines Lebens, an die er sich nicht erinnern kann?
"
4512,Wie man den Wachhund des Kaisers zähmt,ROMANCE,"JYUN,Shinji",TUESDAY,3,5492,9.46,131174,5773,ONGOING,True,"Die junge Grafentochter Esmeralda hat ein Problem: Ihr Vater möchte sie so schnell wie möglich durch eine arrangierte Ehe verheiraten. Doch anders als ihre Schwestern möchte Esmeralda kein Leben in Reue führen und beschließt, sich eigenständig auf die Suche nach ihrem Traumpartner zu machen. Direkt auf ihrem ersten Ball als junge und naive Adlige lernt sie den mysteriösen Marquis Alfons Midford kennen und schlägt ihm prompt vor, eine Beziehung einzugehen. Schon bald stellt sich jedoch heraus, dass sich hinter der attraktiven Fassade des Marquis mehr verbirgt. Als „Wachhund“ des Kaisers ist er dafür verantwortlich, sämtliche Gefahren zu beseitigen, die dem Reich und der kaiserlichen Familie schaden könnten. Wird es Esmeralda gelingen, diesen wilden Wachhund zu zähmen? "
4511,Nano-Maschine,ACTION,"Great H,GGBG,HANJUNG WOLYA",MONDAY,10,3705,9.56,49470,1932,ONGOING,False,"Nanotechnologie trifft auf Martial Arts!

Yeoun Cheons Mutter gehört zwar nicht zu den sechs offiziellen Ehefrauen des Anführers der Dämonensekte, aber seine Herkunft qualifiziert ihn dennoch dazu, sein Können in den Aufnahmeprüfungen der Dämonenakademie unter Beweis zu stellen. Wird die geheimnisvolle Nanotechnologie, die er von einem Nachfahren aus der Zukunft erhalten hat, ausreichen, um den harten Wettbewerb gegen seine mächtigen Halbgeschwister zu bestehen?

"
4376,Oh! Meine Magd,ROMANCE,"SpringIsComing,BORI",SATURDAY,3,4775,9.61,111063,5385,ONGOING,True,"Die junge Kate führt als Waisenkind ein erbittertes Leben auf der Straße. Doch als sie durch einen Zufall auf Rose Blanc, die Tochter des Herzogs, trifft, ändert sich ihr Schicksal schlagartig. Kate findet als Magd eine Anstellung am Hof des Grafens und fasziniert alle um sie hierum mit ihrer starken und entschlossenen Persönlichkeit. Wohin wird sie ihr Leben bei den Blancs führen und welches Geheimnis verbirgt sich hinter den roten Augen des Priesters, der Kate in seinen Bann zieht? Ihre Geschichte und Romanze fängt gerade erst an! "
4375,To Not Die,DRAMA,"Parae,Lim Jin Guk",FRIDAY,14,1872,9.75,23284,1051,ONGOING,False,"Dajun wird jeden Tag in der Schule brutal gemobbt. In seiner Verzweiflung glaubt er, dass seine Qualen nur ein Ende finden können, wenn er sich sein eigenes Leben nimmt. Doch bald ist er davon überzeugt, dass nicht er es verdient zu sterben, sondern all die Mistkerle dieser Welt. Als ein Zwischenfall mit seinen Mobbern ihn dazu zwingt, sich auf der Straße durchzuschlagen, beginnt Dajuns Rachefeldzug. Doch dafür muss er lernen, wie man richtig kämpft und ihm wird schnell klar, dass die Tyrannen in der Schule nicht sein größter Feind sind ... "
4374,Der Schöne und das Biest,ROMANCE,"YOO-EUN,LB,WILL BRIGHT",THURSDAY,3,6272,9.7,170435,7608,ONGOING,True,"Mein letztes Leben war ein Alptraum: Zwischen einem Freund, der mich betrog, und einem Job, bei dem ich ständig nur angeschrien wurde, hatte ich selbst den letzten Funken an Hoffnung verloren. Und dann auch noch das: Nachdem ich bei einem Autounfall ums Leben komme, finde ich mich plötzlich im Körper von „Alexa der Killerbestie” wieder: Eine Prinzessin, die gleichzeitig eine sehr haarige aber auch sehr starke Bestie ist!"
4373,Plötzlich Spieler,ACTION,"BALLO,GaVinGe",WEDNESDAY,3,4812,9.55,101022,3975,ONGOING,True,"In einer Welt, die von Eden, einer Gruppe aus den zwölf stärksten Jägern beherrscht wird, ist Jun-Gyeong nichts weiteres als ein ganz normaler Mensch. Das einzige was ihn besonders macht: Er besitzt ein Buch, dass die Geschichte des Höllenfürsten erzählt, ein bereits seit langer Zeit vergessener Held. Als eine Jägerin von Eden ihn eines Tages angreift, um das Buch an sich zu nehmen, findet sich Jun-Gyeong plötzlich über 100 Jahre in der Vergangenheit wieder! Kann er in die Fußstapfen des Höllenfürsten treten, um als Spieler die Gunst der Sponsoren erlangen und somit die Welt von der Dominanz durch Eden bewahren?"
4372,Sixth Sense Kiss,ROMANCE,"Got W,Jocobong",TUESDAY,14,7845,9.58,164699,6287,ONGOING,False,"Yesul Hong hat ein Geheimnis - wenn sie jemanden küsst, kann sie einen Blick in dessen Zukunft werfen. Somit fällt es ihr schwer, die wahre Liebe zu finden, wenn sie sich nicht einmal  selbst in dessen Schicksal sehen kann. Doch eines eines Tages küsst sie ihren verhassten Vorgesetzten Minhu Cha, der sein ganz eigenes Geheimnis hat. Zu ihrem großen Schock sieht sie eine Vision von sich selbst ... im Bett mit ihm! Als ob das nicht schon verwirrend genug wäre, kommt sie am nächsten Tag zur Arbeit und muss feststellen, dass ihre erste Liebe in ihrer Abteilung arbeiten wird. Wird sie es schaffen, mit dem Mann zusammenzuarbeiten, den sie sich als ihr Schicksal gewünscht hat, und mit dem Mann, der für sie bestimmt ist?
"
4371,Daytime Star,ROMANCE,"Chaeun,Godago",MONDAY,3,3706,9.86,76919,3883,ONGOING,True,"Die unbekannte Schauspielerin Yura Hwang hat es alles andere als leicht. Nach sieben Jahren ohne nennenswerte Erfolge bekommt sie endlich zumindest eine kleine Rolle für den Film „Time“, der das Potenzial zum Hit hat. Bei den Dreharbeiten trifft der Superstar Seunghyun Kang immer wieder auf Yura, die jedes Mal zu weinen scheint, wenn er ihr begegnet. Wird Yura endlich die Gelegenheit ergreifen, sich einen Namen als Schauspielerin zu machen? Und wird Seunghyun herausfinden, warum ihm Yura nicht aus dem Kopf geht? Nur die Zeit wird es zeigen.
"
4237,QUESTISM,ACTION,"TAEWAN,YuNuni",THURSDAY,3,2113,9.82,51754,2364,ONGOING,True,"Gaming-Nerd Suhyeon Kim hat alles andere als Freude an seinem Schulalltag. Jeden Tag wird er von seinen Klassenkameraden unerbittlich gemobbt, was ihn dazu bringt, sich zu wünschen, sein Leben wäre mehr wie die RPG-Videospiele, die er spielt. Suhyeons Wunsch kommt zur Erfüllung, als plötzlich vor seinen Augen eine Quest mit einer verlockenden Belohnung auftaucht. Da er nichts zu verlieren hat, nutzt er die Chance und schon bald führt eine Quest zur nächsten. Während die Risiken höher und die Belohnungen größer werden, stellt Suhyeon bald fest, dass er von einem geächteten Niemand an die Spitze der Schule aufgestiegen ist. Wie weit wird Suhyeon bei seinen Aufgaben gehen und wie weit wird er fallen, wenn er sich weigert, an den Quests teilzunehmen?"
4236,Archie Comics: Big Ethel Energy,DRAMA,"Keryl Brown Ahmed,Siobhan,Archie Comics",FRIDAY,16,1246,9.58,22989,1176,ONGOING,False,"Früher war sie die Lachnummer von Riverdale. Doch jetzt ist sie eine erfolgreiche New Yorker Journalistin, die sich von nichts und niemandem einschüchtern lässt. Nach ihrem Abschluss an der Riverdale High verließ Ethel ihren Heimatort so schnell wie nur möglich und begann, ihren gewählten Karriereweg einzuschlagen. Als der Bürgermeister von Riverdale ihr eine gutes Angebot macht, um eine Geschichte der Stadt zu schreiben, kann sie es kaum erwarten, zurückzukehren, um sich mit Archie, Jughead, Betty, Veronica und all den anderen Leute aus Riverdale anzulegen, die ihr vor all den Jahren das Leben zur Hölle gemacht haben. Das Einzige, was sie zu bedenken vergisst, ist … vielleicht haben sie sich auch alle verändert."
4235,My Crossdressing Crush,ROMANCE,pom,SATURDAY,16,4493,9.31,76102,4522,ONGOING,False,"Die Highschool-Schülerin Aoi ist schwer verliebt in Makoto, ein superhübsches Mädchen, die die gleiche Schule besucht. Aber als Aoi ihren Mut zusammennimmt, Makoto ihre Liebe zu gestehen, nimmt die Geschichte plötzlich eine unerwartete Wendung: In Wirklichkeit ist Makato ein Junge, der sich als Mädchen verkleidet!"
4234,Dungeons & Artifacts,ACTION,"Zerowater,UMKY",WEDNESDAY,3,2987,9.48,80341,3354,ONGOING,True,"Ein zunächst routinemäßiger Auftrag zur Erkundung eines Verlies geht für den Entdecker Stetch Atelier schief, als der Prinz, der ihn angeheuert hat, ihn dazu bringt, einen tödlichen Fluch zu aktivieren. Aber anstatt tot zu bleiben, wird Stetch von einem Artefakt wiederbelebt, das ihm einen Deal anbietet, um Rache nehmen zu können. Um seinen Teil der Abmachung einzuhalten, begibt sich Stetch auf eine lange Reise auf der er Verliese plündert, Monster tötet und dabei neue Freunde und Feinde findet."
4233,Reawakened Man,ACTION,"Yongtaek Chae,Jaehan Kim",TUESDAY,16,1854,9.55,26140,1350,ONGOING,False,"Wenn es eine Sache gibt, die Hwan Seok nicht ausstehen kann, dann ist es Ungerechtigkeit. Aber dieses Mal kostet es ihn das Leben, sich mit Typen anzulegen, die es auf seine Nachbarin Yerin abgesehen haben. Doch drei Tage nach seiner Ermordung wacht Hwan Seok plötzlich wieder auf! Bewaffnet mit seiner neu entdeckten Fähigkeit, nach drei Tagen wieder zum Leben erweckt zu werden, ist Seok entschlossen, Yerin zu retten. Jedoch merkt er schon bald, dass er sich in einer Verschwörung wiederfindet, die größer und finsterer ist, als er ursprünglich gedacht hatte ..."
4232,Limit Breaker,FANTASY,"HONGSIL,MINO,OH",MONDAY,16,5877,9.19,108459,3879,ONGOING,False,"Nachdem in der Welt plötzlich Monster auftauchen, bleibt Kibong Kim aufgrund eines Systemfehlers 3000 Jahre lang im „Raum der Erweckung"" gefangen. Endlich aus dem Test befreit, stellt er fest, dass in der Realität lediglich 10 Jahre vergangen sind und die Welt zu einem schrecklichen Ort geworden ist, die von Monstern überrannt wird. Wird es Kibong mit all seinen Fähigkeiten auf der höchsten Stufe gelingen, die Menschheit vor diesen schrecklichen Kreaturen zu retten?
"
4231,Der faule Lord meistert die Schwertkunst,FANTASY,"Dodomoon,doip,Second Star",SUNDAY,3,3114,9.73,71800,3209,ONGOING,True,"Nachdem er den traumatischen Tod seiner Mutter miterlebt hat, flieht der junge Airen Farreira in den Schlaf, um seiner schmerzhaften Realität zu entfliehen, was ihm den Spitznamen „der faule Lord"" einbrachte. Trotz des Spotts und des Getuschels der anderen hat Airen nicht die Absicht, sein Verhalten zu ändern. Doch als er eines Tages aus einem Traum über einen mysteriösen Schwertkämpfer erwacht, nimmt sein Leben eine völlig unerwartete Wendung ..."
4225,66.666 Jahre: Die Rückkehr des schwarzen Magiers,FANTASY,"PASA,TARU,Hwabong",SATURDAY,3,6089,9.74,169003,7689,ONGOING,True,"Diablo Volpir, ein mächtiger dunkler Magier, wird in einem Kampf gegen die 12 Götter besiegt und weggesperrt. Er erwacht schließlich 66.666 Jahre später aus seinem Schlaf, allerdings im Körper eines neugeborenen Babys, Jamie Welton! Neun Jahre später, mit einem Bruchteil seiner einstigen Macht, und mit seiner liebevollen Familie von der er nun umgeben ist, plant Jamie, sich an den 12 Göttern zu rächen, die ihn versiegelten."
4224,"Das Mädchen, das Gerüche sieht",FANTASY,Maanchwee,FRIDAY,3,756,8.65,18330,1215,ONGOING,True,"Nachdem die Eltern von Sae-ah Yoon bei einem absichtlich ausgelösten Brand ums Leben kamen, kann Sae-ah plötzlich Gerüche sehen. Bei einem weiteren Brand kreuzt sich plötzlich ihr Weg mit dem des Polizisten Pyung-an Kim. Schließlich arbeiten die beiden zusammen, um Verbrechen zu lösen, und Pyung-an erkennt schnell das Potenzial, das Sae-ah mit ihrer Fähigkeit besitzt. Während sie verschiedene Fälle löst, wartet das größte Rätsel jedoch noch auf sie: Wer steckt hinter dem Mord an ihren Eltern? 
"
4223,Was ist los mit Sekretärin Kim?,ROMANCE,"Jung Kyung yoon,Kim Myung-mi",THURSDAY,3,2923,9.37,118091,5472,ONGOING,True,"Als Vizepräsident eines Großunternehmens scheint der gut aussehende Lee Yeongjun ein Leben zu führen, um den ihn alle um ihn herum nur beneiden. Doch hinter der perfekten Fassade verbirgt sich ein mehr als nur schwieriger Charakter. Während er immer wieder andere Frauen verschreckt, ist seine Sekretärin Kim Miso nach neun Jahren Zusammenarbeit immer noch die einzige Person, die mit einem Lächeln im Gesicht mit ihm umgehen kann. Kann sich aus ihrer rein professionellen Beziehung am Ende vielleicht mehr entwickeln?
"
4222,Es war einmal ein Krieger,FANTASY,"JEON Hoyun,JEON Segi",WEDNESDAY,3,1758,8.93,35671,2002,ONGOING,True,"Alles, was Ell will, ist, dass ein Krieger kommt und ihn tötet, damit er endlich ein angenehmes Leben nach dem Tod führen kann. Gerade als es so aussieht, als würde sein Wunsch in Erfüllung gehen, tötet er versehentlich den Krieger, der gekommen ist, um sein Leben zu beenden. Doch Ell hat bald einen anderen Plan: Wenn es keine Krieger gibt, die ihn töten, muss er selbst einen großziehen! So werden der Drache Ell und die Magierin Lafi zusammen mit Dino, dem Babykrieger, zu einer unkonventionellen Familie. Ell stellt jedoch bald fest, dass es schwieriger ist, als er dachte, einem Baby Kampftechniken beizubringen!"
4221,Pathfinder,FANTASY,"HSPZ,YOON JISEON,QUEEN",TUESDAY,3,1955,9.23,40943,2479,ONGOING,True,"Garam führt ein vollkommen gewöhnliches Leben als Arbeitssuchende. Doch das ändert sich schlagartig, als sie in einem unbekannten Universum landet, nachdem sie unbewusst ihre Pathfinder-Kräfte einsetzt. Pathfinder sind Reisende, die Universen durchqueren, um nach dem Path zu suchen - eine Währung, mit der man sich jeden Wunsch erfüllen kann. Zunächst war Garam nicht am Path interessant, doch dann stellt sie fest, dass in ihrer ursprünglichen Welt alle Menschen verschwunden sind. Um ihre Familie wiederzufinden, macht sie sich auf den Weg, um das Path zu finden. Wird sie der Herausforderung gewachsen sein, um in ihrer neuen Welt zu überleben?

"
4220,Becoming You,ROMANCE,"FURIK,LUNA,YOUNDAL",MONDAY,3,4978,9.38,145665,7341,ONGOING,True,"Irenia Chandler, Tochter einer durch Verrat dem Tod geweihten Familie, beschließt, das Schicksal ihrer Familie zu ändern, bevor es zu spät ist. Um ihren Plan zu erfüllen, tauscht sie nach einer gemeinsam verbrachten Nacht ihren Körper mit dem Kronprinzen des Königreiches Laiferze, Frederick. Ihr Ziel? Den Prinzen von einem grässlichen Fluch zu befreien, um ihre eigene Familie zu retten! "
4219,Phone Addict,ROMANCE,HD,SUNDAY,3,1917,9.58,40981,2877,ONGOING,True,Joo Damu ist eine Highschool-Schülerin mit einem ernsthaften Suchtproblem: Sie klebt rund um die Uhr an ihrem Smartphone. Doch eines Tages verwandelt sich ihr Handy buchstäblich vor ihren Augen in einen Menschen?! Wird Damu ihren Schulalltag meistern und gleichzeitig ihre ganz persönlichen Träume verwirklichen können?
4108,My S-Class Hunters,ACTION,"biwan,geunseo,seri",SATURDAY,21,7126,9.54,147076,5881,ONGOING,False,"Yujin ist ein Hunter der E-Klasse, der im Schatten seines kleinen Bruders, eines S-Klasse-Hunters, steht. Eines Tages nimmt das Bezwingen eines scheinbar routinemäßigen Dungeons jedoch ein tragisches Ende. Yujin wird durch das Besiegen des Dungeons ein Wunsch gewährt und somit entscheidet er sich dazu, in die Vergangenheit zurückzureisen. Der Plan war eigentlich, von nun an ein ruhiges Leben zu führen ... doch plötzlich stellt sich heraus, dass er die Fähigkeit erlangt hat, anderen Menschen dabei zu helfen, zu S-Klasse-Huntern zu werden! Ist Yujins Chance gekommen, seine eigene Gruppe aus mächtigen Huntern aufzubauen?  "
4107,A Fake Affair,ROMANCE,Akiko Higashimura,FRIDAY,6,661,7.83,19788,1163,ONGOING,True,"Nachdem sie 3 Jahre lang vergeblich nach einem Ehemann gesucht hat, ist Shoko Hama bereit, aufzugeben. Erschöpft von der Arbeit und den ehelosen Zukunftsaussichten kündigt sie ihren Job und reist allein nach Korea. Auf dem Flug dorthin lernt Shoko den jungen und attraktiven Jyobanhi kennen, erzählt ihm aber versehentlich, dass sie verheiratet ist ... Nun ist Shoko in ihrem eigenen Lügengeflecht gefangen und steht kurz davor, die verrückteste Zeit ihres Lebens zu erleben!"
4106,It Was All You,ROMANCE,"I SOON KI,OH5HO,Jake Lee",WEDNESDAY,21,4277,9.57,99758,4505,ONGOING,False,"In der Stadt Pyeongyang sind in der nahen Zukunft Klone zu einem unverzichtbaren Bestandteil des menschlichen Lebens geworden. Die Biomedizintechnikerin Dr. Yuri Lee, die den neuesten Prototyp der XYZ Corporation testen soll, ist fasziniert von LPC-6, einem körperlich perfekten und intellektuell überlegenen Klon, der nur zu einem einzigen Zweck geschaffen wurde: seiner Herrin bedingungslose Liebe zu geben. Als sie die Abgründe ihres untreuen Ehemanns aufdeckt, findet sie Trost in „Victor“ und seiner außergewöhnlichen Fähigkeit zur Empathie. Wird ihr Wunsch nach Vergeltung und Liebe sie auf einen Weg ohne Wiederkehr führen?"
4105,Return to Player,ACTION,"UMKY,SEHON,INDEX",THURSDAY,3,4029,9.64,133849,5397,ONGOING,True,"Vor zehn Jahren verwandelte eine Gruppe von Göttern alle Menschen auf der Erde in Spieler eines sadistischen Spiels, das sie zwang, Monster im echten Leben zu töten - oder selbst getötet zu werden. Sehan Kim hat bereits gesehen, wie dieses Spiel ablaufen wird: Alle Menschen auf der Welt bis auf ihn werden sterben. Als er die Möglichkeit erhält, in die Zeit zurückzureisen und einen zweiten Spieldurchgang zu beginnen, ist Sehan entschlossen, den Lauf der Dinge zu ändern und die Götter mit ihren eigenen Waffen zu schlagen."
4104,Ultra-Alternate Character,ACTION,JIXKSEE,TUESDAY,3,3658,8.69,111025,4406,ONGOING,True,"In dem beliebten VR-MMORPG-Videospiel Ergosphere Online wird Oreum Lee von seinen Gruppenmitgliedern als mittelmäßiger Heiler verspottet. Noch dazu schikanieren ihn seine Mitspieler im Spiel sogar auch im echten Leben in der Schule. Oreums Rettung ist sein alternativer Spielcharakter, ein mächtiger Kämpfer der Klasse Rächer, den er mit außergewöhnlichem Geschick spielt. Als Oreum sich eines Tages aus dem Spiel ausloggt, wird er durch einen Systemfehler mit den Fähigkeiten seines alternativen Charakters ausgestattet und muss gegen Monster aus der Spielwelt kämpfen. Wird Oreum sowohl die Spielwelt als auch sein Schulleben überstehen?"
4103,The Lone Necromancer,FANTASY,"JJJ,KIM KYOUNG-YEOL,KIM DONG-JUN",MONDAY,3,5714,9.82,165128,6803,ONGOING,True,"Seongwu ist ein ehemaliger Soldat, der nach Abschluss seines Wehrdienstes an die Universität zurückgekehrt. Sein normales Leben als Student nimmt jedoch ein frühes Ende, als er und seine Kommilitonen mit einer mysteriösen Aufforderung konfrontiert werden: Die „Wahl einer Klasse“. Seongwu entscheidet sich für den Nekromanten, eine seltene Fähigkeit, die ihm die Macht verleiht, Untote zu kontrollieren. Da der Campus und die Außenwelt kurz vor dem Zusammenbruch zu stehen scheinen, muss sich Seongwu schnell an seine neuen Kräfte gewöhnen, um furchterregende Monster zu bekämpfen und seine Mitschüler zu retten. Werden sie diesem Albtraum entkommen können?"
4102,The World After the Fall,ACTION,"S-Cynan,Undead Gamja,sing N song",MONDAY,22,8738,9.63,179882,7120,ONGOING,False,"Plötzlich tauchen auf der ganzen Welt mysteriöse Türme auf - und mit ihnen Monster, die Jagd auf die Menschheit machen. Um die Welt vor dem Untergang zu bewahren, versuchen die sogenannten Turmwanderer - Menschen mit besonderen Kräften -  den Turm bis zur höchsten Ebene zu erklimmen. Dabei entdecken sie den „Regressionsstein“, der es ihnen ermöglicht, kurz vor ihrem Tod in die Vergangenheit zurückzukehren und eine zweite Chance zu erhalten. Doch diese Einscheidung versetzt sie gleichzeitig auch für immer in eine andere Zeitlinie. Der starrköpfige Turmwanderer Jaehwan lehnt diesen Weg jedoch ab. Stattdessen kämpft er lieber für die ursprüngliche Zeitlinie und erfährt auf seinem Weg schockierende Geheimnisse über den Turm."
4101,Villain to Kill,ACTION,"Fupin,Eunji",SUNDAY,3,5129,9.68,166657,7347,ONGOING,True,"In dieser Welt gibt es zwei Arten von Menschen mit besonderen Fähigkeiten: Schurken, die von ihren bösen Verlangen getrieben werden, und Psyker, die sich für Gerechtigkeit einsetzen und Schurken zur Verantwortung ziehen. Cassian Lee ist einer der mächtigsten Psyker, doch eines Tages nehmen die Dinge plötzlich eine unerwartete Wendung. Nach einer Verkettung von Ereignissen landet Cassian im Körper eines koreanischen High-School-Jungen ... der gerade zu einem Schurken geworden ist! Wird sein Sinn für Gerechtigkeit am Ende siegen oder wird er zu einem kaltblütigen Schurken?"
4100,GET BACK,DRAMA,Seyun,FRIDAY,3,819,9.41,16038,914,ONGOING,True,"Eunjeong und ihre Schwester Dajeong wurden vor sieben Jahren nach einem Unfall voneinander getrennt. Seitdem gehen sie durch die Hölle. Eunjeong gibt sich als ihre Schwester aus und behauptet, ein künstlerisches Talent zu haben, über das sie überhaupt nicht verfügt. Dajeong wiederum hat ihre Leidenschaft für die Kunst aufgegeben, nachdem sie von einer Familie adoptiert wurde, die ihre eigenen dunklen Geheimnisse zu haben scheint. Ihre Schicksale sind dazu bestimmt, sich wieder zu kreuzen... aber können sie sich in einer Welt, in der nur Talent und Können zählen, gegenseitig gegenübertreten?
"
4099,Viral Hit,ACTION,"PTJ COMICS,KJH STUDIO",THURSDAY,3,1976,9.55,43384,2134,ONGOING,True,"Der schwächliche Highschool-Schüler Hobin Yoo ist wahrscheinlich der letzte Typ, den man als Star eines NewTube-Kanals erwarten würde, in dem sich alles ums Kämpfen dreht. Aber nachdem er einige Ratschläge eines mysteriösen NewTube-Kanals befolgt hat, besiegt Hobin schon bald Typen, die stärker sind als er und verdient mehr Geld, als er sich jemals hätte träumen lassen. Kann Hobin so weitermachen, oder wird er irgendwann an seine Grenzen stoßen?"
4098,Ticket Hero,FANTASY,Ryu,WEDNESDAY,3,2227,8.9,46096,2138,ONGOING,True,"Völlig auf sich allein gestellt wünscht sich Kyungho nur noch den eigenen Tod. Doch plötzlich taucht Sierra, eine mysteriöse Frau aus der Unterwelt auf, und schlägt ihm einen Pakt vor. Dieser erlaubt es ihm, sich im Austausch für seine Lebensjahre die Kräfte der Toten auszuleihen. Getrieben von seinem inneren Verlangen entscheidet sich Kyungho schließlich, den Pakt einzugehen."
4097,Castle,ACTION,Jeongyeon,TUESDAY,22,1323,8.6,18884,899,ONGOING,False,"Shin Kim ist ein legendärer Attentäter, dessen einziges Ziel es ist, „Castle“ zu zerstören - eine berüchtigte kriminelle Organisation, die für den Tod seines Vaters verantwortlich ist. Selbst die Justiz ist ihnen gegenüber machtlos und Shin bleibt somit keine andere Wahl, als sich ihnen mit seinen eigenen Methoden zu stellen - indem er diejenigen mit Hass auf die Organisation vereint und eine Festung errichtet, die selbst „Castle“ überragt."
4096,Teufel Nummer 4,ROMANCE,"jangjin,woombeee",SATURDAY,7,4054,9.53,128935,6316,ONGOING,True,"Als der vom Pech verfolgten Studentin Hanna das Geld (und die Hoffnung) ausgeht, taucht plötzlich der Teufel selbst auf, um ihr ein Angebot zu machen, das sie nicht ablehnen kann. Doch dieser Teufel hat seine ganz eigenen Probleme - insbesondere, da sich Hanna weigert, ihre Seele freiwillig herzugeben. Jetzt arbeitet sie in seinem Coffeeshop, während er versucht, sie davon zu überzeugen, dass sie alles haben kann. Der Preis dafür? Nichts weiteres als ihre Seele ...
"
4095,Die einzige Parfümeurin des Tyrannen,FANTASY,"Team DEAD SHELL,fairydragon",SUNDAY,3,8265,9.63,277528,12603,ONGOING,True,"Plötzlich wurde ich als Arielle Winston wiedergeboren - eine begnadete Parfümeurin, die als Einzige das Parfüm herstellen kann, das als Heilmittel gegen den Wahnsinn des Herzogs Cedric Evans dient. Doch dem Herzog steht ein tragisches Schicksal bevor und somit gilt es, mich auf das zu konzentrieren, was ich am besten kann: Parfüme herstellen!"
4024,Der goldene Wald,FANTASY,"Ryuhwa,Gyeonji,Yun Sori",WEDNESDAY,3,3463,9.57,120251,6640,ONGOING,True,"„Renie von der Insel Elde, geliebtes Kind von Inanna. Ich sehe zwei Männer, die deinen Untergang herbeiführen werden. Und ich sehe zwei Männer, deren Untergang du herbeiführen wirst. Zwei endlose Wege werden vor dir liegen. An der Kreuzung dieser beiden Wege wirst du dein Schicksal wählen müssen.“"
4023,Woojoos Stern,ROMANCE,KR,SUNDAY,3,4666,9.38,116849,5837,ONGOING,True,"Während Eunseong nach einem Riesenskandal seinen Ruf als Top-Schauspieler des Landes verliert, hat Woojoo mit seiner Idol-Gruppe NOBLE Schwierigkeiten, Erfolg zu finden. Doch als die beiden für eine Reality TV-Show zusammenarbeiten, zeigt sich das Publikum begeistert von der Chemie zwischen den beiden. Um von ihrer neuen Beliebtheit zu profitieren, drängen ihre Agenturen die beiden dazu, einen „Bromance-Akt“ einzugehen und sich regelmäßig zu treffen. So lernen sich der sensible Woojoo und der kühle und unnahbare Eunseong zunehmend kennen und entdecken, dass es weit mehr als diese Zweckfreundschaft ist, das sie zueinander führt. Kann sich zwischen den beiden trotz aller Widrigkeiten mehr entwickeln?"
4022,Shotgun Boy,THRILLER,"Carnby Kim,Hongpil",THURSDAY,3,2389,9.73,49439,2615,ONGOING,True,"Während er im Wald um sein Leben rennt, stößt der unter dem Mobbing seiner Mitschüler leidende Gyuhwan auf eine Schrotflinte und gerade genug Patronen für seine ganz persönliche Rache. Doch das Schicksal nimmt eine unerwartete Wendung, als er zurückkehrt und feststellt, dass seine Klassenkameraden von hirnfressenden Kreaturen angegriffen werden. Das Einzige, was jetzt zwischen den Monstern und ihrem Festmahl steht, ist ein Junge mit einer Schrotflinte."
4021,Tomorrow,DRAMA,Llama,SUNDAY,26,1383,8.75,17891,953,ONGOING,False,"Joon-woong, ein arbeitsloser Uni-Absolvent, fällt in ein Koma, als er versehentlich von einer Brücke stürzt. Während er im Koma liegt, bekommt er vom Team für Riskmanagement der Unterweltfirma ‚Nachtlampe‘ das Angebot, vorübergehend ihrem Team beizutreten. Wenn er dieses Angebot annimmt, könnte er früher aus dem Koma erwachen und sogar das Karma aus seinem früheren Leben loswerden, das ihn daran hindert, einen Job zu bekommen! Morgen hat er nichts Besseres zu tun, also ist es ein schöner Tag, um Leben zu retten ... mit diesen Sensenmännern!!!"
4020,Love Falls Like Rain,ROMANCE,Yeri,THURSDAY,3,1518,8.76,41720,2113,ONGOING,True,"Als Sarang einen mysteriösen gelben Regenschirm vor ihrer Haustür findet, denkt sie sich zunächst nicht viel dabei. Doch eines regnerischen Abends öffnet sie den Schirm und wird auf magische Weise nach Albia transportiert, wo sie zwei Männern begegnet, von denen einer ihr Seelenverwandter sein könnte. Wird Sarang ihre wahre Liebe in einem fremden Land auf der anderen Seite der Welt finden können?"
4019,"Antwortet mir, mein Prinz",ROMANCE,"Teava,Jjunya,YOO PAULHEE",SUNDAY,3,4604,9.23,143343,7556,ONGOING,True,"Die 22-jährige Cordelia ist eine absolut verträumte Buchredakteurin. An dem Tag als sie in einem Antiquitätengeschäft ein Manuskript abholen will, nimmt sie auch eine Büchertruhe mit nach Hause. Plötzlich stellt sich heraus, dass es zu dieser Büchertruhe einen identischen Zwilling gibt und Gegenstände zwischen den Truhen hin- und hergetauscht werden können. Daraufhin beginnt sie eine Brieffreundschaft mit dem Besitzer der anderen Truhe: der wunderschöne Prinz aus dem Manuskript!"
4018,The RUNWAY,ROMANCE,"Domi,Nokdu,Hirachell",SATURDAY,3,8927,9.5,336146,13113,ONGOING,True,"Mein One-Night-Stand aus Paris ist mein neuer Chef?! Jian, eine Redakteurin des Modemagazins The Runway, reist spontan nach Paris, nachdem sie von der Affäre ihres Ex-Verlobten erfahren hat. Dort lernt sie einen mysteriösen, gut aussehenden und etwas zynischen Mann kennen und hat schließlich einen One-Night-Stand mit ihm. Drei Monate später trifft sie ihn wieder - in ihrem Büro, als neuer Chefredakteur aus Frankreich!"
4017,Plaza Wars,ACTION,"O Se Hyung,Kim Gyun Tae",TUESDAY,3,784,8.56,15441,932,ONGOING,True,"Gi Jun verlässt seine Gang auf dem Höhepunkt seiner Macht, um nicht gegen seinen eigenen Bruder kämpfen zu müssen, der in einer verfeindeten Rivalengang aufgestiegen ist. Als sein Bruder 15 Jahre später in einem mysteriösen Hinterhalt kaltblütig ermordet wird, kehrt Gi Jun jedoch ohne zu zögern in die Welt des Verbrechens zurück und begibt sich auf eine grausame Jagd nach denjenigen, die für den Mord an seinem Bruder verantwortlich sind."
4016,Batman: Wayne Family Adventures,SLICE_OF_LIFE,"StarBite,CRC Payne,Kielamel Sibal,Lan Ma,C.M. Cameron,Camille Cruz",TUESDAY,28,1999,9.33,43257,1932,ONGOING,False,"Selbst Batman braucht manchmal eine Pause! Aber mit dem neuen Vigilanten Duke Thomas, der ins Wayne Manor einzieht, und einem schier endlosen Kommen und Gehen von adoptierten, aufgezogenen und leiblichen Superheldenkindern hat Bruce Wayne trotzdem alle Hände voll zu tun. Vater zu sein kann doch nicht etwa schwieriger sein als seine Rolle als Batman, oder?"
3955,Ghost Wife,ROMANCE,Sejeong,SATURDAY,10,2574,9.23,107809,4975,ONGOING,True,"Liz ist ein normales Teenager-Mädchen, das Monster sehen kann ... die sie fressen wollen. Die einzige Person, die sie retten kann, ist ein Dämon mit einem unheimlichen Lächeln und einem Appetit auf lebende Katzen. Aber zuerst muss sie seine Verlobte werden!
"
3954,Money Game,THRILLER,Bae Jin-Soo,MONDAY,3,391,6.33,6825,377,ONGOING,True,"Acht Teilnehmer, 100 Tage und ein Gesamtpreisgeld in Höhe von 44,8 Milliarden Won (rund 33 Millionen Euro). Das ist Money Game, eine Reality-TV-Show, bei der die Teilnehmer versuchen, so wenig wie möglich auszugeben, um mit möglichst viel Geld aus dem Spiel zu kommen. Sie sitzen in einem speziell entworfenen Studio mit nichts als einem Paar Kleidung und einem Regelbuch und müssen für jeden Gegenstand, den sie kaufen, das 1.000-fache des ursprünglichen Preises bezahlen. Wie viel Geld werden die Teilnehmer behalten können?"
3953,Sierra,FANTASY,"Rana,Moona",SATURDAY,3,5271,9.24,134505,5194,ONGOING,True,"Sierra Elberg und Claude Rispenseaux, die beide aus einem unehelichen Verhältnis auf die Welt kamen, finden in den Armen des anderen Zuflucht vor der Verachtung durch ihre Familie und die Gesellschaft. Doch als Sierra gezwungen wird, einen anderen als ihren Geliebten zu heiraten, bittet sie um eine neue Chance auf ein glücklicheres Leben. Durch die Macht des „Schlüssels"" zum Thron, der ihr von Claude geschenkt wird, erhält Sierra die Chance auf einen Neuanfang. Doch dieses Mal beschließt sie, alles hinter sich zu lassen, einschließlich Claude, in der Hoffnung auf ein besseres Leben. Hat sie die richtige Wahl getroffen, oder wird sich diese zweite Chance als noch verhängnisvoller erweisen als ihr ursprüngliches Schicksal?"
3947,Game of Doppelganger,THRILLER,"Kingsenal,MJ",SUNDAY,3,1467,9.29,30267,2064,COMPLETED,True,"Suji und ihre Klassenkameradinnen stehen kurz vor dem Abschluss an ihrer Mädchen-Oberschule als sie ein mysteriöses Ei mit einer unglaublichen Anziehungskraft findet. Plötzlich erscheint ihr der Doppelgänger und es wird klar, dass sie von nun an auch Teil eines Spiels mit grausamen Spielregeln geworden ist: Jedes Mal wenn die Schulglocke läutet, verliert die Schülerin, die das Ei besitzt, ihre Seele. Kann Suji rechtzeitig herausfinden, wie sie und ihre Mitschülerinnen den Doppelgänger besiegen und diesem Albtraum entfliehen können?"
3946,Kann ich dich beißen?,ROMANCE,Seongeun,THURSDAY,3,8135,9.65,300560,14450,ONGOING,True,"Wer braucht schon Medikamente, wenn der Biss eines Vampirs eine sofortige Besserung bewirkt? Chaeyi leidet sichtlich unter chronischen Kopfschmerzen, was ihr einen schlechten Ruf als Schauspielerin eingebracht hat. Doch ein Biss des Topstars Yijun - der sich als Vampir entpuppt - gibt ihr einen Vorgeschmack auf Erleichterung. Also bittet Chaeyi ihn darum, sie weiterhin zu beißen, doch Yijun macht ihr ein ganz anderes Angebot: Eine Beziehung auf Vertragsbasis. Bleibt es bei einer reinen Zweckbeziehung oder steckt doch mehr für die beiden dahinter?"
3945,The Villain's Savior,FANTASY,"Myoung rang,Zetson",MONDAY,3,4572,9.73,219665,11552,ONGOING,True,"Aseph Randell wird von klein auf von Tragödien und Unglück verfolgt und ist dazu bestimmt, als Schurke zu sterben. Doch plötzlich tritt die geheimnisvolle Elzay Thiasse mit einem Versprechen in sein Leben : „Ich kann dich retten.“ Kann Elzay, nachdem sie so lange lebhafte Visionen von ihm hatte, das schreckliche Schicksal, das mit Aseph verbunden ist, entwirren? Oder werden sie beide gemeinsam in den Abgrund gezogen?"
3944,Der Held ist zurückgekehrt,FANTASY,"NARACK,FUNGBACK",SATURDAY,3,4447,9.04,121975,4531,ONGOING,True,"Nachdem er die Welt gerettet hat, kehrt der Held Minsu Kim auf die Erde zurück und muss feststellen, dass er alles, was ihm wichtig ist, verloren hat. Somit beschließt er in seinem Zorn, die Welt zu zerstören, die er einst sein Zuhause nannte. Bei seinem Amoklauf tötet er auch den Teenager Jungsu Park und seine Familie. Aber anstatt einfach zu sterben, wird Jungsu in eine andere Welt transportiert, wo er feststellen muss, dass er jetzt selbst zu einem Held geworden ist. Jungsu ist wild entschlossen, sich an Minsu zu rächen - doch wer wird als Sieger aus diesem Kampf um das Schicksal ihrer Welt hervorgehen?"
3869,SAVE ME,DRAMA,"Big Hit Ent.,LICO",MONDAY,3,4450,9.66,39435,2662,COMPLETED,True,"Sieben Jungs. Beste Freunde. Ihre Schicksale sind durch die guten gemeinsamen Zeiten miteinander verwoben, aber auch durch die schweren Momente, in denen sie getrennte Wege gingen und dadurch sehr gelitten haben. Als alles für diese Jungen fast verloren ist, erhält einer von ihnen eine besondere Chance, in die Vergangenheit zu reisen und seinen Freunden zu helfen, die Fehler zu beheben, die sie auf diesen Weg geführt haben. Er wird alles tun, um sie zu retten, aber kann er es schaffen? Oder ist es bereits zu spät?"
3831,7FATES: CHAKHO,FANTASY,HYBE,SATURDAY,15,18952,9.81,411755,19931,ONGOING,False,"Beom aus einer anderen Welt öffnen das Siegel der Schattenwelt und stürzen die Stadt Sin-si ins Chaos.
Um ihnen entgegenzutreten, greifen sieben junge Kämpfer, deren Schicksale miteinander verwoben sind, zu den Waffen.
Die Beom-Jagd hat begonnen!"
3830,DARK MOON: THE BLOOD ALTAR,FANTASY,HYBE,SUNDAY,13,16860,9.69,285187,16052,ONGOING,False,"Die prestigeträchtige Decelis-Akademie in der Stadt Riverfield wird besucht von sieben Jungen mit einem großen Geheimnis: sie sind eigentlich Vampire.
Während sie versuchen, ein normales Leben zu führen, geraten sie immer wieder in Konflikt mit ihren größten Rivalen: Werwölfen der Nachbarschule.
Doch eines Tages taucht plötzlich eine neue Schülerin namens Sooha in der Akademie auf, die eine unglaubliche Kraft in sich trägt und die beiden Gruppen in ihren Bann zieht.
Das Leben von Sooha und den Jungs wird schon bald auf den Kopf gestellt, denn es stellt sich heraus, dass ihre Schicksale bereits seit ihren früheren Leben eng miteinander verpflochten sind."
3829,THE STAR SEEKERS,FANTASY,HYBE,MONDAY,12,7229,9.64,66797,5888,HIATUS,False,"Eine Welt voller Magie – und in ihr: „magische Idols“. Ohne eigene magische Fähigkeiten steht die Idolgruppe „Star One“ mit ihren fünf Mitgliedern Viken, Soule, Avys, Eugene und Taho bereits kurz vor dem Ende ihrer Karriere, bevor diese überhaupt so richtig anfangen konnte.
Doch plötzlich offenbart sich ihnen genau in dem Moment, wo sie sie am meisten benötigen, eine unglaubliche Form der Magie.
Können sie mit Hilfe der Magie das Schicksal, das für sie vorbestimmt ist, abwenden und das Rätsel um den Drachentöter-Clan lösen?"
3828,Spiel des Todes,DRAMA,"LEE WONSIK,GGULCHAN",SATURDAY,7,1450,9.27,45917,2365,COMPLETED,True,"Er findet keinen Job, seine Ex-Freundin hat ihn verlassen, und er hat gerade seine gesamten Ersparnisse durch einen Betrug verloren. Von der Gesellschaft unter Druck gesetzt, beschließt Yijae Choi, sich das Leben zu nehmen. Beleidigt durch seine leichtfertige Haltung gegenüber dem Sterben, bestraft ihn der Tod persönlich mit ihrem Spiel: Er muss den Tod immer und immer wieder durch 13 andere Leben erleben. Aber wenn er einen Weg findet, den bevorstehenden Tod dieser Leben zu überleben, darf er ihr Leben weiterleben. In seinem Leben hat er versagt, aber was ist mit den Leben der anderen?"
3827,All of Us Are Dead,HORROR,Joo Dong-geun,WEDNESDAY,9,2880,8.7,57633,1921,COMPLETED,True,"Der Alltag an der Hyosan Oberschule hält keine großen Überraschungen bereit - bis die Schüler erkennen, dass genau in ihrer Schule ein tödlicher Virus seinen Anfang findet, der seine Opfer in fleischfressende Monster verwandelt. Als das Virus ihre Mitschüler innerhalb weniger Stunden dahinrafft, wird ihnen klar, dass eine Flucht nicht einfach sein wird. Gefangen in ihrer Schule mit zombifizierten Versionen ihrer Freunde und Lehrer müssen sie einen Weg finden, um mit ihrem Leben davonzukommen."
3826,100,ACTION,"HYEONG EUN,Yunhyeol Choi",TUESDAY,33,2344,8.37,53388,2390,ONGOING,False,"Nur mit einer Pistole und einer Bratpfanne bewaffnet, muss Hoyoung Cheon Battlegrounds überleben: ein Spiel im Stil eines Battle-Royale mit 100 Teilnehmern, bei dem es nur einen Weg zum Sieg gibt: die 99 anderen Spieler, allesamt zum Tode Verurteilte, zu töten. Hoyoung hat jedoch noch ein anderes Ziel als das Überleben - er muss einen Abgeordneten finden, der bei der Untersuchung des Spiels gefangen genommen wurde und nun ein unfreiwilliger Teilnehmer ist. Kann Hoyoung seine Mission auf einer Insel mit 99 Menschen, die bereit sind, fürs Überleben zu töten, erfüllen und als Letzter überleben?"
3825,The Retreats,ACTION,"Hyungwook Shin,Sunhee Kim",THURSDAY,33,598,8.5,7157,515,ONGOING,False,"In einer fernen Zukunft leben die in Menschen in den Retreats, einem Paradies auf Erden, im Überfluss. Dieser Wohlstand wird auf Kosten einer verarmten Unterschicht in den umliegenden Slums von Brine ermöglicht, die entweder den Bürgern von Retreats dienen oder in den gefürchteten Battlegrounds kämpfen muss, um eine Chance zu haben, in die Retreats zu ziehen. Für John Canty, einem Bewohner von Brine und dessen Vater und Großvater in den Battlegrounds starben, scheint der Wunsch, in die Retreats aufzusteigen, ein hoffnungsloser Wunschtraum zu sein. Das ändert sich, als sein neuer Job ihn in die Retreats führt und er Edward begegnet, einem Jungen, der seinem eigenen Sohn Gabel zum Verwechseln ähnlich sieht ..."
3824,Night of Silence,THRILLER,"Dongwoo Han,Q-Ha",WEDNESDAY,33,1520,8.61,25279,1426,ONGOING,False,"Als Lea nach fünf Jahren endlich in ihren Heimatort zurückkehrt, entdeckt sie in ihrem alten Elternhaus die Leiche ihres Vaters. Die Polizei hält es für Selbstmord, aber für Lea wird immer klarer, dass mehr hinter der Sache steckt. Im Zentrum des Geschehens steht ein gewalttätiges Buch ihres Vaters mit dem Titel Battlegrounds, bei dem die Hälfte der Seiten fehlt. Die Dorfbewohner sind jedoch dazu bereit, alles zu tun, um Lea daran zu hindern, die Wahrheit herauszufinden. "
3822,Die Liebe meiner Ex-Freunde,ROMANCE,"HADA,hee_ddok,ARA,KIM SUNG YOON,LEE YEON SEO",FRIDAY,4,7493,9.41,294109,13419,ONGOING,True,"Nicht nur ein, sondern gleich zwei Ex-Freunde am selben Ort! Bei einem neuen Projekt für ihre Arbeit trifft Nabom plötzlich auf ihre beiden Ex-Freunde Chajun und Taeo. Während Chajun ihre erste Liebe war, die sie seit zehn Jahren nicht vergessen kann, hegt Taeo immer noch einen tiefen Hass auf Nabom, nachdem ihre Beziehung auf die denkbar schlechteste Weise endete. Wird es Nabom gelingen, die Eifersucht ihrer beiden Ex-Freunde und ihre eigenen Gefühle in Einklang zu bringen?"
3793,SUPERCASTING: BTS,FANTASY,WEBTOON,"MONDAY,TUESDAY,WEDNESDAY,THURSDAY,FRIDAY,SATURDAY,SUNDAY",7,11675,9.68,155182,14539,COMPLETED,False,"Eines Tages entdecken Jin, SUGA, j-hope, RM, Jimin, V und Jung Kook eine Tür, die von strahlendem Licht umgeben ist. 
Doch als sie die Tür öffnen, verschwinden sie plötzlich spurlos!
Lies <SUPER CASTING: BTS> und finde heraus, wohin die BTS-Mitglieder verschwunden sind!"
3780,Paradies der grünen Äpfel,ROMANCE,"Iksuk,Paradise",FRIDAY,3,8768,9.43,258098,12841,ONGOING,True,"An der Uni trifft Maehwa wieder auf seinen alten Schulkameraden Jaewon, in den er während seiner Schulzeit heimlich verliebt war. Die Gefühle, die er tief in seinem Herzen vergraben hatte, kommen wieder zum Vorschein und Maehwa merkt schon bald, dass er seine erste große Liebe nicht hinter sich lassen kann. Jaewon ist seinerseits unsicher, wie er damit umgehen soll, als er von einem heimlichen Verehrer erfährt. Kann am Ende aus ihrer Freundschaft doch mehr werden?"
3735,I'm the Max-Level Newbie,FANTASY,"WAN.Z,swingbat,Maslow",THURSDAY,39,19568,9.79,645320,21017,ONGOING,False,"Jin Hyuk ist Streamer und der einzige, der das Ende des Virtual-Reality-Spiels „Turm der Prüfungen“ erlebt hat. Da das Spiel jedoch immer mehr an Beliebtheit verliert, wird auch seine Streamer-Karriere immer hoffnungsloser. Doch eines Tages wird „Turm der Prüfungen"" plötzlich zur Realität und die Welt steht vor dem Abgrund. Jin Hyuk, der sich im Spiel besser auskennt als jeder andere, wird zwangsläufig zur letzten Hoffnung der Menschheit!"
3734,Eines Tages in Seoul,THRILLER,Park chang geun,MONDAY,39,2750,8.8,67127,3693,ONGOING,False,"Für Yeonu scheint ein Schulausflug nach Seoul die perfekte Gelegenheit zu sein, seinem Schwarm Soyeon näher zu kommen. Doch plötzlich taucht in Seoul ein unbekannter Virus auf, der bei Kontakt mit Menschen diese zu grotesken Monstern mutieren lässt. Die Klassenfahrt wird für Yeonu und seine Mitschüler ganz plötzlich zum Hollentrip! Wird er Seoul sicher verlassen können?"
3733,Eine perfekte Familie,THRILLER,"N.B,JUNE",WEDNESDAY,39,3638,8.99,90852,4547,ONGOING,False,"Die Familie von Seonhee scheint glücklich und perfekt zu sein. Doch eines Tages gesteht Sunhee ihren Eltern, dass sie ihren Freund Gyeongho getötet hat. Doch die Reaktion ihrer Mutter ist komisch: „Seonhee, es ist in Ordnung. So jemand bist du nicht.“ In jener Nacht kommt es plötzlich zu einem großen Feuer in Gyeonghos Haus und Seonhees Vater erscheint ihr immer befremdlicher. Dazu kommt das Verschwinden ihrer Freundin Suyeon und ein Schatten der Ungewissenheit, der über Seonhee schwebt. Wird es Seonhees Familie gelingen, zu einer perfekten Familie zurückzukehren?"
3732,Teenage Mercenary,ACTION,"YC,Rakyeon",TUESDAY,39,12232,9.83,453184,17816,ONGOING,False,"Im Alter von acht Jahren verlor Ijin Yoo seine Eltern bei einem Flugzeugabsturz und strandete in einem fremden Land, wo er gezwungen war, ein Kindersöldner zu werden, um zu überleben. Zehn Jahre später kehrt er nach Hause zurück, um mit seiner Familie in Korea wieder vereint zu sein. Dort scheint alles friedlich zu sein, doch schon bald muss Ijin feststellen, dass das Leben als Teenager eine ganz andere Art des Überlebens ist. Da ihm nur noch ein Jahr in der Oberschule bleibt, muss Ijin neue Taktiken erlernen, um sich auf dem Schlachtfeld der Schule zurechtzufinden. Kann er ein Jahr Oberschule überleben? Oder wird die Schule vielmehr in der Lage sein, IHN zu überleben?"
3696,Our Beloved Summer,ROMANCE,"Han Kyoung Chal,Lee Naeun",FRIDAY,3,3437,9.33,58537,2982,COMPLETED,True,"Woong Choi ist der schlechteste Schüler der Schule und ein Freigeist, der davon träumt, ein möglichst entspanntes Leben ohne jegliche Anstrengung zu führen. Yeon-soo Kook ist eine absolute Musterschülerin, die sich noch nie in ihrem Leben auch nur eine Sekunde Erholung gegönnt hat. Für einen Dokumentarfilm über das Leben als Jugendliche müssen sie plötzlich einen Monat zusammen verbringen. Kann diese Doku mit zwei so gänzlich verschiedenen Charaktern ein Erfolg werden? "
3644,Hellbound,THRILLER,"Choi Gyuseok,Yeon Sangho",FRIDAY,8,1450,7.9,13910,596,COMPLETED,True,"Tue Buße! Oder erlebe die Hölle auf Erden. Die Menschen in Seoul werden mit ihren eigenen Augen Zeugen einer göttlichen Vergeltung. Zunächst werden diejenigen, die Unrecht getan haben, von Erscheinungen heimgesucht, die ihnen ihren genauen Todeszeitpunkt ankündigen. Dann, wenn die Zeit gekommen ist, tauchen plötzlich die Vollstrecker der Hölle auf, verbrennen ihre Opfer und verschwinden spurlos, um nur verkohlte Leichen zurückzulassen. In der Zwischenzeit wird Kommissar Jin damit beauftragt, den jüngsten Vorfall zu untersuchen - gerade als der Mörder seiner Frau aus dem Gefängnis entlassen werden soll."
3643,Leveling Up My Husband to the Max,ROMANCE,"Uginon,Nuova,Curlin",MONDAY,45,17122,9.64,782248,28414,ONGOING,False,"Ein kalter, gefühlloser Ehemann, eine unvernünftige Schwiegermutter und ein unrechtmäßiger Tod – könnte es im Leben noch schlimmer kommen? Was wäre, wenn du die Chance bekämst, die Dinge zu ändern? Als Amber im Moment ihrer Hinrichtung zehn Jahre in die Vergangenheit geschickt wird, steht sie der jüngeren Version ihres Mannes gegenüber, aber irgendetwas ist anders an ihm ... er lässt sich von ihr nach Belieben herumkommandieren! Wird es ihr gelingen, zu verhindern, dass sich ihr Schicksal wiederholt, oder wird ihr Leben erneut im Unglück enden? Die Operation “Leveling Up My Husband to the Max” beginnt jetzt!"
3642,The Druid of Seoul Station,ACTION,"liveBear,Mun sung ho,Jin Seol woo",SUNDAY,47,13476,9.6,537019,18148,ONGOING,False,"Was wie ein gewöhnlicher Tag begann, wird auf den Kopf gestellt, als eine mysteriöse Katastrophe die Erde heimsucht und Soo Ho Park auf einen anderen Planeten befördert. Mit der Zeit lernt er, sich anzupassen und um sein Überleben in dieser fremden Welt zu kämpfen. Doch eines Tages wird Soo Ho genauso plötzlich wieder auf die Erde zurückgeholt, wie er auf dem neuen Planeten gelandet ist. Schnell erfährt er, dass eine Rückkehr zu seinem vergangenen Leben nicht möglich ist, denn die Erde befindet sich in einem ständigen Kampf mit Monstern, denen es gelungen ist, den Planeten zu infiltrieren. Wie wird Soo Ho gegen die Monster ankämpfen und wird er dieses Mal mit seinen derzeitigen Fähigkeiten überleben können?"
3641,SAMADHI,ACTION,"LEE WONSIK,GGULCHAN","TUESDAY,SATURDAY",5,2290,9.21,67894,3456,COMPLETED,True,"Yibak Kim hat immer nur davon geträumt, ein durchschnittliches, friedliches Leben zu führen - nicht mehr und nicht weniger. Doch als er plötzlich übernatürliche Kräfte erlangt, muss Yibak lernen, seine neuen Fähigkeiten zu perfektionieren und sich an die Tatsache gewöhnen, dass sein Leben von nun an alles andere als normal sein wird ..."
3640,Brass & Sass,ROMANCE,antlerella,"MONDAY,THURSDAY",84,873,8.91,45043,3714,ONGOING,False,"Es mag die Musik gewesen sein, die sie in die Band-Klasse gelockt hat, aber es war die Liebe, die sie zum Bleiben bewegte ... auch wenn sie keinerlei musikalisches Talent hat. Aber was der Highschool-Schülerin Camilla an Können fehlt, macht sie mit Leidenschaft wett - vor allem, wenn es um Victor geht, den gutaussehenden Musiker, der ihr Interesse geweckt hat. Wird die Liebe überwiegen, auch wenn der Schwarm ihrer Wahl sich als echtes Ekel herausstellt?"
3539,AntiSTALKER,ROMANCE,VOKIVORMOK,MONDAY,67,4054,9.57,211235,11463,ONGOING,False,"Die Blutmond-Oberschule ist eine Schule, die normale Menschen, Vampire aus wohlhabenden Familien und Werwölfe gemeinsam besuchen. Sie ist Präsidentin des Disziplinarkomitees, er jemand, der die Schulregeln bricht. Sie ist die Jägerin und er der Gejagte. Er ihr Stalker und sie ist sein Opfer."
3538,Phase,ROMANCE,Jouki,SUNDAY,67,19517,9.71,1114715,64538,HIATUS,False,"Min ist einzigartig. Ein einzigartiger Pechvogel, weil sie schon ihr Leben lang an Unglück, Schulden und einer problematischen Vergangenheit leidet. Doch eines Tages ergibt sich für sie die Möglichkeit, auf einen Schlag viel Geld – um genau zu sein 50 Millionen Dollar – zu verdienen. Eine Möglichkeit, zu der sie natürlich nicht nein sagt, auch wenn das bedeutet, dass sie dafür mit dem exzentrischen, irritierenden, aber gutaussehenden Milliardär Shuu zusammenleben muss. Kann sie ihre Geheimnisse verbergen, oder ruiniert sie damit sowohl sich als auch Shuu?"
3537,Mage & Demon Queen,COMEDY,Color_LES,"TUESDAY,FRIDAY",93,10742,9.07,655272,30543,ONGOING,False,"Gewöhnliche Abenteurer versuchen, die Dämonenkönigin zu töten, doch eine Magierin versucht, ihr Herz zu erobern! Schafft sie es, das Herz der Königin zu gewinnen? Begleite sie auf ihrer intimen Abendeuterreise durch ein RPG!"
3536,Edith,ROMANCE,Swansgarden,"MONDAY,FRIDAY",92,1708,8.51,114999,6588,ONGOING,False,"Edith ist keine vorbildhafte Protagonistin. Sie hat mit einem geringen Selbstvertrauen, ihrem moralischen Kompass und allgemein auch mit dem Leben zu kämpfen, weil sie sowohl sich, als auch die Männerwelt an viel zu hohen Standards misst. Sie trifft zwei Männer, die beide weniger als perfekt sind: Einer scheint vielleicht der Traumprinz zu sein, auf den sie schon ihr Leben lang wartet, während der andere nicht an die Liebe und Märchen glaubt. Wird Edith ihre hohen Ansprüche aufgeben? Oder sucht sie weiterhin nach dem perfekten Märchenprinz, den es in der Realität vielleicht gar nicht gibt? Eine Geschichte, mit der sich alle identifizieren können, die auch schon einmal mit Herzschmerz zu tun hatten!"
3535,Locker & Opener,THRILLER,"Maanchwee,BARUNFLOWER,NYANGNYANG",WEDNESDAY,68,2816,8.67,67127,3654,ONGOING,False,"Es gibt kein Schloss, das Kommissar Dobin Kim nicht öffnen kann. Mit seiner besonderen Gabe kann er alles – auch Informationen innerhalb der Köpfe von Zeugen – aufschließen und nutzt dies, um auf Verbrecherjagd zu gehen! Beim Lösen eines Falls trifft er jedoch auf ‚Locker‘, eine Verbrecherin, die im Gegensatz zu ihm Informationen verschließen kann. Es entbrennt ein Katz-und-Maus-Spiel, siegt am Ende die Gerechtigkeit?"
3406,Doom Breaker,ACTION,Blue-Deep,WEDNESDAY,3,11786,9.75,385877,14453,HIATUS,True,"Zephyr kämpft als letzter Überlebender der Menschheit gegen das Böse in einer von den Göttern verlassenen Welt. Als er in einer Schlacht von Tartarus, dem Gott der Zerstörung, getötet wird, scheint alle Hoffnung für die Menschheit verloren. Doch Zephyrs Schicksal ist nicht besiegelt. Die Götter, für die seine Kämpfe als Unterhaltung dienen, geben ihm eine zweite Chance und schicken ihn zehn Jahre in die Vergangenheit, als er noch ein Sklave war und nicht der mächtigste Mensch der Welt. Kann Zephyr sich an Tartarus rächen und die Frau retten, die er liebt, oder ist er dazu verdammt, die Vergangenheit zu wiederholen?"
3405,Die Schurkin will mich als Stiefmutter,FANTASY,"HARIHEEN,MOKGAMGI",FRIDAY,3,13839,9.8,582349,22545,HIATUS,True,"Nach ihrem Tod wird Daisy Heidi in der Welt von ""Was die Herzogstochter auf dem Kürbisfeld trieb"" wiedergeboren, einem ""Tragik""-Roman, in dem sich die schöne Heldin Pierta bis zum bitteren Ende mit zehn ihr verfallenen Verehrern in rücksichtsloser Lust und Hedonismus suhlt. Obwohl Daisy als arme Bürgerliche in dieser Welt wiedergeboren wird, hat sie bei ihrer zweiten Chance im Leben einen entscheidenden Vorteil gegenüber anderen - sie ist die Autorin des Originalromans! Als das Schicksal Daisy in das Leben der Romanheldin Pierta und ihres schneidigen Vaters Herzog Henstone führt, schwört Daisy, alles zu tun, um Pierta von ihrem verzweifelten Schicksal zu bewahren."
3404,Unbedingt ein Happy End,ROMANCE,"Jaerim,Bulsa,Flada",SUNDAY,66,12089,9.68,779770,30578,ONGOING,False,"Yeonwoo hatte sich so sehr auf den Tag gefreut, an dem sie sich von ihrem Ehemann, Seonjae, scheiden lassen und ihrer Ehe-Farce ein Ende setzen würde. Doch das Schicksal meinte es anders, denn an dem Tag kommt es zu einem tragischen Unfall, bei dem ihr Ex-Mann in spe umkommt. Als alles aus den Fugen gerät, erhält Yeonwoo unverhofft die Chance, die Ereignisse rückgängig zu machen: Sie befindet sich plötzlich in der Vergangenheit, 100 Tage vor dem Unfall! Kann sie ihren Ehemann retten und diesmal alles besser machen, sodass die beiden doch noch ihr „Happy End“ bekommen?"
3403,Hero Killer,ACTION,"Kkulbeol,Beolkkul",FRIDAY,70,8196,9.71,361392,16155,ONGOING,False,"Alle Schurken sind besiegt und die Helden haben die Welt gerettet. Das klingt erst einmal gut, doch sind wirklich alle Helden gut? Nicht alle, die sich „Helden“ nennen, verhalten sich auch so: Eine Frau, deren Schwester von einem dieser „Helden“ getötet wurde, begibt sich auf die Mission, den Täter zu finden, und wird zum „Hero-Killer“, der jede Nacht Jagd auf korrupte Helden macht. Kann sie es schaffen, ihre Schwester zu rächen und die Welt zu einem besseren Ort zu machen?"
3402,Boyfriends.,SLICE_OF_LIFE,refrainbow,"MONDAY,THURSDAY",95,15990,9.34,1218794,49080,ONGOING,False,"Wie wäre es, einen Freund zu haben … oder nicht nur einen, sondern lieber mehrere? Vier Studenten beginnen eine offene, polyarmorische Beziehung miteinander und erkunden zusammen die Höhen und Tiefen des Datinglebens!"
3401,Everything is Fine,HORROR,Mike Birchall,SATURDAY,37,2309,9.22,72679,3532,ONGOING,False,"Sam und Maggie sind ein normales Paar und leben in einem ganz normalen Haus in einer normalen Nachbarschaft. Nichts ist komisch an ihren Tierköpfen, ihren Nachbarn oder ihrem süßen kleinen Hund. Oder trügt der idyllische Schein nur?"
3262,Amina aus der Lampe,ROMANCE,"heeya,Cheoneeol",TUESDAY,10,8726,9.35,403317,17590,ONGOING,True,"Nachdem Paz, die Stadt der Magier, zerstört wird, wird die Magierin Amina bei ihrem Versuch, in die Vergangenheit zu reisen, in einer magischen Lampe gefangen. Dreihundert Jahre später wird sie von Zakar, dem Kommandanten der Armee von Paz, geweckt. Amina möchte eigentlich schleunigst Zakars Wünsche erfüllen bringen und in die Lampe zurückkehren, weil ihr diese neue Welt viel zu fremd ist. Während sie sich an die neue Welt gewöhnt, nehmen die Verschwörungen und Gefahren, die die beiden umgeben, kein Ende. Wird es Amina letztendlich gelingen, ihren eigenen Wunsch wahr werden zu lassen?"
3261,The Wife,DRAMA,"JYUN,Mana",WEDNESDAY,71,10441,9.24,1002388,26840,ONGOING,False,"Als die gutherzige Dayeong Kim den gutaussehenden und charmanten Changyeop Jo kennenlernt, scheint es, als wäre das Liebesglück für die beiden perfekt. Doch es ist nicht alles so, wie es scheint, denn schon bald stellt sich heraus, dass ihre Bilderbuch-Ehe nichts weiter als ein Schwindel ist: Changyeop hat Dayeong nur geheiratet, um sie dazu zu bringen, seiner kranken Mutter ihre Leber zu spenden. Nach der Lebertransplantation verlässt Changyeop Dayeong und heiratet die schöne, aber kaltherzige Segyeong. Fünf Jahre später erhebt sich Dayeong aus ihrer Verzweiflung und schwört Rache an den Menschen, die ihr Leben zerstört haben."
3260,"Von der Hexe, die einen Drachen heiratete",ROMANCE,"New lung,Diamang,Baridal",SATURDAY,72,17406,9.28,1051175,37372,ONGOING,False,"Nachdem Wendy Blanchett, die talentierte junge Leiterin der Runenforschungsabteilung, die Nacht mit einem neuen Mitarbeiter des Turms der Magie verbracht hat, steht sie vor einem unlösbaren Dilemma: Sie fürchtet um ihre Position und ihren vorbildhaften Ruf, als der Neuling, Aiden Winters, sie bittet, ihn zu heiraten. Was Wendy nicht weiß: Aiden scheint seine eigenen Geheimnisse zu haben. Wird ihre Liebe erblühen, oder werden seine Geheimnisse alles zerstören?"
3259,Jungle Juice,ACTION,"HYEONG EUN,JUDER",TUESDAY,80,8830,9.62,473805,21317,ONGOING,False,"Suchan Jang ist ein College-Student, der in der Hierarchie ganz oben steht. Doch hinter der perfekten Fassade verbirgt er ein Paar Insektenflügel, die ihm plötzlich wuchsen, als er ein geheimnisvolles Insektenspray namens „Jungle Juice"" benutzte. Suchans Leben gerät aus den Fugen, als er der Welt seine Flügel offenbart, um das Leben eines Menschen zu retten. Als alle Hoffnung verloren scheint, stößt Suchan auf eine verborgene Welt von Insektenmenschen, in der jeder so akzeptiert wird, wie er ist. Doch in dieser geheimen Gesellschaft herrscht das Gesetz des Dschungels und jeder muss für sich selbst kämpfen, um zu überleben."
3258,Secret Playlist,ROMANCE,2F,SUNDAY,84,4627,8.91,265919,13087,ONGOING,False,"Hanju ist eine ganz normale Studentin ... bis auf die Tatsache, dass sie auch die aufstrebende Etube-Coverkünstlerin PLI ist. Als das beliebte Boygroup-Mitglied Levi auf PLI aufmerksam wird und eine Zusammenarbeit vorschlägt, tut Hanju alles, um ihre geheime Identität zu verbergen. Aber als die beiden sich bei der Arbeit an einem Klassenprojekt näherkommen, beginnt Hanjus Tarnung zu bröckeln. Wird Levi ihr Geheimnis aufdecken?"
3257,Neon Revenge,ACTION,"Gisong,NemGa",WEDNESDAY,58,3421,9.33,121798,6522,ONGOING,False,"Niemand hätte je vermutet, dass der nerdige Seongbin Cha in Wirklichkeit Neon Mask ist, ein Internet-Held, der für seine Bestrafung von Delinquenten und Mobbern auf ViewTunnel bekannt ist. Er wird nicht eher ruhen, bis er auch den letzten Übeltäter im Land zur Rechenschaft gezogen hat. Kann er sie alle mit Hilfe seiner Bodyguards zur Strecke bringen, oder werden sie stärker denn je zurückkehren?"
3256,"Nevertheless,",ROMANCE,Jeongseo,"MONDAY,THURSDAY",4,2611,8.77,62345,2895,COMPLETED,True,"Was passiert, wenn ein Mädchen, das gerne auf Dates geht, aber nicht an die Liebe glaubt, auf einen Mann trifft, der gerne flirtet, aber Beziehungen für langweilig hält? So ergeht es Nabi und Jae-eon, zwei Kunststudenten, die sich an der Uni kennenlernen und eine starke Verbindung entwickeln. Während sie sich kennenlernen und ihre Beziehung zueinander voranschreitet, werden sie mit dem Beginn der gegenseitigen Anziehung und den Höhen und Tiefen einer Beziehung konfrontiert. Diese Geschichte wird sich euch nach einer Beziehung sehnen lassen - auch wenn jeder weiß, dass es nicht einfach sein wird."
3101,Blades of Furry,ROMANCE,"Deya Muniz,Emily Erdos",MONDAY,65,2351,9.33,143207,7346,HIATUS,False,"Emile ist ein aufstrebender Eiskunstläufer in der beliebten Sportart Skate Battles, einer halsbrecherischen Kombination aus Eiskunstlauf und Kampfsport. Radu ist ein etablierter Skate Battles-Superstar und mehrfacher Champion, dem die Welt zu Füßen liegt. Doch während eines verhängnisvollen Matches zwischen den beiden entdeckt Emile ein Geheimnis von Radu, das ihn zu zerstören droht. Wird Emile sein Geheimnis bewahren? Oder könnte sich diese Rivalität zu etwas mehr entwickeln ...?"
3100,Dead Days,HORROR,DEY,"THURSDAY,SUNDAY",9,1209,8.25,33743,1394,COMPLETED,True,"Beginnend am vierten Tag nach dem Ausbruch eines Zombie-Virus ist dies eine Geschichte über den Lebenswillen, menschliche Instinkte und unsere egoistischen Begierden. Eine spannende Story über die Überlebenden einer Zombie-Apokalypse."
3099,Wendys Blumenladen,ROMANCE,"Bize,sizh",WEDNESDAY,83,13173,9.6,1123056,38873,ONGOING,False,"Wendy Waltz leidet als uneheliche Tochter eines Grafen unter der Vernachlässigung ihres leiblichen Vaters sowie der schlechten Behandlung durch ihre Stiefmutter und ihren Halbbruder. Zu allem Übel wird sie auch noch von Dylan, ihrem Geliebten, verraten. Plötzlich erscheint ihr in ihrem Kummer eine Fee, die Wendy als Gegenleistung für ihre Rettung eine geheimnisvolle Kraft schenkt. Wendy gibt ihren Status als Adlige auf und beginnt ein neues Leben mit ihrem eigenen Blumenladen ... bis eines Tages der kaiserliche Ritter Rad Schroeder auftaucht. Mit seinem Aussehen, seiner Intelligenz, seinen Fähigkeiten und seiner adligen Abstammung scheint er der perfekte Fang zu sein - doch für Wendy ist er lediglich ein Ärgernis für ihr kostbares gewöhnliches Leben. "
3098,I'm the Grim Reaper,THRILLER,GRAVEWEAVER,MONDAY,96,10087,9.75,538148,27998,ONGOING,False,"Auf der Erde gibt es schlechte Menschen, und dann gibt es WIRKLICH SCHLECHTE Menschen. Wenn man zu den letzteren gehört, wird man nicht nur in die Hölle geschickt, sondern bekommt einen Job zugewiesen, um die Seelen einiger der schlimmsten Menschen auf der Erde zu sammeln. Das ist der Karriereweg einer jungen Frau namens Scarlet, die nach ihrem Tod in der feurigen Unterwelt landet - nur um sich in einer Einstiegsposition als ... Grim Reaper wiederzufinden!"
3097,Der Fortgeschrittene Spieler des Tutorialturms,ACTION,"Bangguseok Gimssi,Omagam,Juyeong Hwang",THURSDAY,83,15817,9.7,1011540,33208,ONGOING,False,"Nachdem er 12 Jahre lang in einem Turm voller sich regenerierender Monster gefangen war, ist Hyeonu Kim mächtiger als so ziemlich jeder Mensch und jedes Monster auf der Erde. Endlich frei, ist er entschlossen, herauszufinden, wer hinter seiner Gefangenschaft steckt. Auch wenn das bedeutet, dass er Horden von Monstern töten muss - und dabei ganz nebenbei die Welt rettet."
3096,Love Me Knot,ROMANCE,Sophia,SUNDAY,83,3026,9.03,168374,9501,HIATUS,False,"Man sollte meinen, dass es viel einfacher wäre, seinen Seelenverwandten zu finden, wenn man den roten Schicksalsfaden sehen kann. Aber für Avery heben die blühenden Romanzen um sie herum nur ihren eigenen Faden hervor ... ohne jemanden, der am anderen Ende hängt. Ist Avery dazu bestimmt, ein Leben ohne Liebe zu führen, oder kann sie sich ihr eigenes Liebesglück schneidern?"
3095,Meine Verlobte ist eine Schurkin,ROMANCE,"RYU HEON,KAKON",TUESDAY,7,12921,9.67,800606,32296,COMPLETED,True,"Eines Tages bin ich plötzlich als Schurkin in einem Roman aufgewacht ... nun gilt es, dem männlichen Protagonisten aus dem Weg zu gehen, um zu überleben!"
3094,Mein Anti-FAN,ROMANCE,"Jaerim,Eunjeong Kim",THURSDAY,7,11115,9.64,814507,34425,COMPLETED,True,"Wie weit würdest du gehen, um die Person zu stürzen, die du am meisten hasst? Ohne Haus, ohne Job und mit nichts mehr zu verlieren, ist Geunyeong Lee bereit, alles zu riskieren, um den K-Pop-Superstar Whojoon zu Fall zu bringen. Aber nachdem die beiden sich erst einmal richtig kennengelernt haben, erweist sich ihr Vorhaben plötzlich als schwieriger als gedacht. Wird sie an ihrem Plan festhalten, ihn ein für alle Mal zu ruinieren, nachdem sie die Wahrheit über den Mann hinter dem Popstar erfährt?"
2954,Jacksons Tagebuch,FANTASY,Paola Batalla,WEDNESDAY,61,3149,9.51,132072,7329,ONGOING,False,"Jackson Smith ist ein ganz normaler Schüler, der nach seinem Umzug 
an eine andere Schule wechselt. Obwohl er zurück in seine Heimatstadt 
gezogen ist und jetzt auch eine neue Familie hat, kann er das ungute Gefühl 
nicht loswerden, dass etwas nicht stimmt. Als er Exer, den beliebtesten Jungen an 
der Schule, trifft, ist er sich sicher: An dieser Schule stimmt wirklich etwas 
ganz gewaltig nicht.
"
2953,Unlucky Mansion,ROMANCE,Pharmacy,"MONDAY,FRIDAY",10,2225,9.63,99516,6115,COMPLETED,True,"Eonjus Leben ist total chaotisch: Sie hat ihre Kündigung eingereicht, weil sie als Mode-Designerin keine Lust mehr hatte, in der Firma die Designs von Markenmode abkupfern zu müssen, und verliert dann auch noch ihre Wohnung. Wohnungslos und arbeitslos bietet sich für Eonju die Chance, als Hausverwalterin in einer Art Luxus-WG zu arbeiten. Eigentlich ein einfacher Job, wenn da nicht der herrische Hausbesitzer wäre.
"
2952,Nano List,FANTASY,Songah Min,THURSDAY,103,1737,9.27,94457,5174,ONGOING,False,"Milo lebt in einer Welt, in der Androide völlig normal sind. Er selbst
lebt gleich mit zwei Androiden, die seine Schwester gebaut hat. 
Wie sicher ist Milo, wenn er mit Androiden lebt, die gefährlich stark sind? 
Und warum hat seine Schwester ihm zu seinem Geburtstag einen 
Militärandroiden geschenkt? 
"
2951,Sweet Home,THRILLER,"Carnby Kim,Youngchan Hwang",SUNDAY,104,10503,9.66,443490,20527,ONGOING,False,"Nach einem tragischen Vorfall in seiner Familie ist ein introvertierter  
Highschool Schüler gezwungen, sein Haus zu verlassen. Das allein ist schon schlimm
genug, doch es kommt noch schlimmer: Eine Epidemie mit Monstern bricht aus und diese Monster versuchen, die Menschheit auszurotten. Eine Handvoll zögerliche
Helden tun sich zusammen, um die Welt zu retten, bevor es zu spät ist.
"
2950,Siren's Lament,ROMANCE,instantmiso,SATURDAY,112,5793,9.47,491614,21772,ONGOING,False,"Lyra lebt ein normales, behütetes Leben. Sie arbeitet in einem Blumenladen, ist schüchtern und heimlich in ihren besten Freund verliebt, doch insgesamt völlig zufrieden mit ihrem Leben. Das ändert sich schlagartig, als sie eines Tages aus Versehen in das Meer und damit auch in die Welt der Sirenen fällt. Nachdem Lyra von einer Sirene mit einem Fluch belegt wurde, ist sie gezwungen, aus ihrem Schneckenhaus herauszukommen und festzustellen, dass die Welt viel größer und gefährlicher ist als ihr Blumenladen."
2949,Ich habe ein Biest gezähmt,ROMANCE,"Yeoseulki,Early Flower,Teava",FRIDAY,74,39325,9.8,2897762,89898,ONGOING,False,"Blondina lebt als Waise ein Leben in Armut, bis sich herausstellt, dass sie eine Prinzessin des Kaiserrreichs Ates ist. Auch innerhalb des Palastes ist Blondina eine Außenseiterin und versucht, bloß nicht aufzufallen. Ihr trister Alltag ändert sich schlagartig, als sie sich mit Aimon anfreundet, einem heiligen Panther, der wie ein süßes kleines Kätzchen aussieht. Können Blondina und Aimon es schaffen, die Feindseligkeiten, die zwischen den Menschen und den heiligen Tieren schon jahrhundertelang bestehen, beizulegen?"
2848,Herzogin über Nacht,ROMANCE,"MSG,Teava,Hwang DoTol",SUNDAY,95,9550,9.61,826167,33572,ONGOING,False,"Ein gut aussehender, narzisstischer Adliger verliebt sich in eine hübsche, zuvorkommende Bürgerliche — so sollte zumindest der ursprüngliche Plot aussehen. Als eine normale Schülerin jedoch als Nebenfigur in ihrem Lieblingsroman aufwacht, ändert sich die Handlung, weil die Hauptfigur des Romans, Herzog Zeronis de Ingrid, ein Auge auf sie geworfen hat! Kann Ripley die ursprüngliche Handlung bewahren, während sie die Avancen des Herzogs ablehnt und versucht, den Machenschaften der Schurkin nicht zum Opfer zu fallen? "
2847,LUMINE,FANTASY,Emma Krogell,TUESDAY,130,11280,9.67,931151,46736,ONGOING,False,"Ein Werwolf namens Lumine trifft den Hexer Kody und wird als sein 
Bodyguard eingestellt — blöd nur, dass Kody 
nichts mit ihm zu tun haben will und ihn auf Abstand hält, 
während Lumine sich mit ihm anfreunden möchte. Ihre Leben werden
noch komplizierter, als ein Vorfall dafür sorgt, dass sie sich alleine 
durchschlagen müssen."
2846,I Love Yoo,DRAMA,Quimchee,"TUESDAY,FRIDAY",134,8679,9.56,678272,34665,ONGOING,False,"Shin-ae hat es nicht leicht im Leben, von klein auf vom Pech verfolgt will sie nichts mehr mit 
Ihren Mitmenschen oder der Liebe zu tun haben. Sie ist zynisch und sozialisiert nicht gerne, doch dieser Lebensstil wird auf die Probe gestellt, als sie einem Fremden aus Versehen eine Limo über sein Polohemd schüttet. "
2845,Bastard,THRILLER,"Carnby Kim,Youngchan Hwang","MONDAY,THURSDAY",11,4987,9.72,217059,13840,COMPLETED,True,"Was würdest du tun, wenn du von klein auf unbeabsichtigt der Komplize 
deines Vaters bist, der sich als Serienmörder entpuppt? Das ist genau das Dilemma, 
in dem Jin Seon steckt -- kann er es schaffen, sich gegen seinen eigenen Vater zu behaupten?
"
2844,Mädchenjury,THRILLER,"Rusena,Borocom",WEDNESDAY,105,4881,9.2,335199,15950,ONGOING,False,"Gaeul ist in ihrer Klasse unsichtbar, ein niemand. Bis zu dem Tag, 
an dem sie Zeuge eines schrecklichen Vorfalls wird, in den der 
beliebteste Junge der Klasse verwickelt ist. Gaeul entschließt sich, 
sein Geheimnis zu bewahren — doch um welchen Preis?  "
2841,WG mit einem Geist,ROMANCE,Jeongseo,"THURSDAY,SUNDAY",6,12737,9.31,420270,13550,COMPLETED,True,"Yuri ist total aufgeregt, endlich in ihre 
erste eigene Wohnung einzuziehen. Sie hat jedoch nicht erwartet, dass dort bereits jemand wohnt,
 und zwar ein unsichtbarer Mitbewohner names Jun. Yuri gefällt das überhaupt nicht, weil sie ihre Gabe, Geister sehen zu können, hasst. 
Kann Juri sich mit ihrem neuen, unerwünschten Mitbewohner anfreunden?"
2776,Make-up Entferner ,ROMANCE,Lee Yone,TUESDAY,113,8441,9.33,660564,29813,ONGOING,False,"Nachdem sich Yeseul jahrelang nur auf’s Lernen konzentriert hat, ist sie überfordert, als 
sie an die Uni kommt und plötzlich jedes Mädchen geschminkt ist. Nachdem Yeseul zufällig auf den berühmten Make-up-Artisten Yuseong trifft, nimmt sie mit ihm an einem Make-up Wettbewerb teil, der im Fernsehen ausgestrahlt wird. Was für andere Mädchen ein Traum ist, bringt Yeseul dazu, ihre Ängste zu konfrontieren und zu hinterfragen, welche Rolle Make-up und das Aussehen in der Gesellschaft spielen. "
2775,Mein dunkles Geheimnis,THRILLER,Hanza Art,"WEDNESDAY,SATURDAY",11,9189,9.35,678773,36702,COMPLETED,True,"Einen gut aussehenden, zuvorkommenden Freund wie Elios zu haben, ist für Emma das Allergrößte! Emma hat Schmetterlinge im Bauch, wenn sie Elios nur ansieht. Sie ahnt jedoch nicht, dass er ein großes Geheimnis verbirgt. Kann sie herausfinden, welches Geheimnis Elios verbirgt? "
2774,LUFF,DRAMA,Arechan,"THURSDAY,SUNDAY",9,1180,8.91,74846,5018,COMPLETED,True,"Du hast jetzt genug von Dating-Apps? Dann mach dich gefasst auf LUFF, die Dating-App der nicht allzu fernen Zukunft! Wie mächtig ist diese Dating-App, die von einem mächtigen Konzern geschaffen wurde? Sie hat vielleicht mehr Einfluss als du denkst! "
2634,Nice To Meet You,ROMANCE,Wishroomness,SATURDAY,68,5846,9.57,266504,16902,HIATUS,False,"Ob eine unvernünftige Entscheidung auch gut enden kann? Anstatt einen verlorenen Studentenausweis dem Besitzer zurückzugeben, entscheidet sich Mew, etwas Dummes zu versuchen. Hat sie den größten Fehler ihres Lebens gemacht? Und sind vernünftige Entscheidungen doch immer die bessere Wahl?"
2633,To Love Your Enemy,ROMANCE,"Jungyoon,Taegeon","THURSDAY,SUNDAY",12,12513,9.52,800092,31565,COMPLETED,True,"Yeonhee Bae, die die Kunst sich durchs Leben zu lügen gemeistert hat, hat sich geschworen, ihre Vergangenheit hinter sich zu lassen und mit 24 ein Studium anzufangen. Doch ihre Hoffnung auf einen Neuanfang ist in Gefahr, als sie auf jemanden trifft, der ihre dunkle Vergangenheit kennt. Können die beiden inmitten von Eifersucht, Uni-Gerüchten und neuen Gefühlen ihre Differenzen beiseite legen und einander so verstehen, wie sie sind?"
2632,Auch dieses Leben mit dir,ROMANCE,Lee Hey,TUESDAY,97,8785,9.8,548301,31031,ONGOING,False,"Jieum Ban hat eine besondere Gabe: sie kann sich an alle ihre vorherigen Leben erinnern. 
Nachdem ihr 18. Leben durch einen tragischen Unfall vorzeitig beendet wurde, versucht sie 
in ihrem jetzigen Leben, die Menschen aus ihrem vorigen Leben erneut zu treffen. 
Werden die Erinnerungen aus ihrem 18. Leben zur Hürde? Und kann die Liebe alle Zeiten überdauern?"
2627,Not Even Bones,THRILLER,"R Schaeffer,Alai Cinereo",TUESDAY,119,3513,9.26,239908,14520,ONGOING,False,"Nicht Nita, sondern ihre Mutter jagt übernatürliche Wesen und verkauft ihre Körperteile auf dem Schwarzmarkt. Nita seziert nur die Körperteile der Wesen für ihre Mutter. Jedoch fängt sie so langsam an, in das Familienunternehmen hineinzuschnuppern, und es gibt kein Zurück mehr. Jetzt muss sie sich entscheiden, ob sie bereit ist, ein Monster zu werden … (Basierend auf dem YA Roman von Rebecca Schaeffer)"
2626,Geisterklippe,THRILLER,Seongdae Oh,WEDNESDAY,2,546,7.8,5802,292,COMPLETED,True,"Zwei Männer kämpfen um das nackte Überleben, als sie auf einem gefährlichen Wanderweg abstürzen und überleben, aber fortan auf einem Vorsprung gefangen sind. Nachdem Tage vergehen, ohne dass Rettung in Aussicht ist, stehen die Männer Konfrontationen, Gewalt und Wahnsinn gegenüber."
2625,Schweinestall,THRILLER,"Carnby Kim,SiCK","MONDAY,FRIDAY",6,1808,9.3,54474,4418,COMPLETED,True,"Ein junger Mann wacht eines Tages an einem paradiesischen Strand auf einer einsamen Insel auf. 
Er hat keine Ahnung, wie er auf dieser Insel gestrandet ist. Während er versucht, sich daran zu erinnern, nimmt 
ihn eine mysteriöse Familie auf, die auf der Insel eine Pension betreibt. Doch er merkt schnell, dass der friedliche Schein trügt — kann er unbeschadet herausfinden, was es mit der Familie und der Insel auf sich hat? "
2624,Ein hipper Kerl,DRAMA,Henie,WEDNESDAY,78,2265,9.29,114433,6438,ONGOING,False,"Song Gaeun ist Chefin eines großen Unternehmens für Yogabekleidung. 
Für eine Kampagne für Männerleggins sucht sie den perfekten Hintern für ihre Leggins. 
Ist ihr neues Model Chan alias „Knack” für sie mehr als nur ein knackiger Po? "
2623,Unholy Blood,FANTASY,Lim lina,"TUESDAY,SATURDAY",5,10947,9.86,606630,29117,COMPLETED,True,"Als Vampire ihre Chance auf ein normales Leben zerstören, sieht sich Hayan Park gezwungen, sich ihrer dunklen Seite hinzugeben, um die Welt 
von den grausamen Vampiren zu befreien, die vor 10 Jahren plötzlich aufgetaucht sind. Mithilfe eines Vampirjäger-Polizisten versucht Hayan, ihre Liebsten zu schützen, das Geheimnis ihrer Vergangenheit aufzudecken und Rache zu üben. "
2622,Die neuvermählte Kaiserin,ROMANCE,"Alphatart,Sumpul",TUESDAY,116,19788,9.77,1558309,61340,ONGOING,False,"Navier Ellie Trovi war die perfekte Kaiserin -- intelligent, mutig and sozial versiert. Sie war barmherzig zu den Untertanen und ihrem Ehemann treu ergeben. Navier wollte den Rest ihrer Tage als Kaiserin des östlichen Imperiums verbringen, doch dieser Traum platzt, als ihr Mann eine Mätresse nach Hause bringt und die Scheidung fordert. „Ich akzeptiere diese Scheidung … aber ich fordere die offizielle Anerkennung meiner Neuvermählung.”  Überraschenderweise gelingt es Navier, einen anderen Kaiser zu heiraten und ihren Traum sowie ihren Titel zu schützen. Doch wie ist es dazu gekommen?"
2621,True Beauty,DRAMA,Yaongyi,"WEDNESDAY,SATURDAY",150,22309,9.04,1518612,59747,ONGOING,False,"Jeder sagt, dass sie das hübscheste Mädchen der ganzen Schule ist. Aber Fakt ist, dass sie ihr vermeintlich hässliches Gesicht verbirgt, in dem sie sich durch Makeup in eine Schönheit verwandelt. Wie lange kann sie ihr Geheimnis geheim halten? Und was ist mit dem süßen Jungen, der ihr Geheimnis schon kennt?"
2604,Es ist so schön ein Hund zu sein,DRAMA,Lee Hey,"WEDNESDAY,SATURDAY",10,3617,9.62,255765,17161,COMPLETED,True,"Hana hat sich alle erdenkliche Mühe gegeben, um ihren Familienfluch zu vermeiden - den Fluch, sich nach ihrem ersten Kuss in einen Hund zu verwandeln. Es kommt noch schlimmer: Der einzige Weg, um sich wieder zurückzuverwandeln, ist ein zweiter Kuss! Kann das klappen, wenn Hanas erster Kuss mit einem Jungen ist, der Todesangst vor Hunden hat?! "
2602,unOrdinary,ACTION,uru-chan,"WEDNESDAY,SATURDAY",152,12151,9.52,996641,44097,ONGOING,False,"Niemand schenkt John viel Aufmerksamkeit- er ist ein normaler Teenager an einer Schule, wo die soziale Elite unerwartete Kräfte und Fähigkeiten besitzt. Doch John hat eine dunkle Vergangenheit, die die bestehende Ordnung zerstören kann. Dies wird jedoch nicht leicht werden, da an jeder Ecke Kämpfe, Feinde und tödliche Verschwörungen lauern. "
2600,Auf die Erde gefallen,ROMANCE,Pookie Senpai,FRIDAY,101,5246,9.48,341072,19371,ONGOING,False,"Kade lebt ein ruhiges und ungestörtes Leben — zumindest solange, bis ein süßes Alienmädchen eine Bruchlandung in seinem Garten macht! Kann dieses Mädchen neben seinem Haus auch sein Herz erobern?
"
2598,Let's Play,DRAMA,Mongie,"TUESDAY,SATURDAY",138,7060,9.56,562485,26603,ONGOING,False,"Sie ist jung, single und steht kurz davor, ihren Traumjob als Spieleentwicklerin zu bekommen. Das Leben legt ihr jedoch Steine in den Weg: Ein berühmter Streamer gibt ihrem ersten Spiel eine vernichtende Bewertung. Und es kommt noch schlimmer: Sie findet heraus, dass dieser Streamer ihr neuer Nachbar ist! Können die Beiden in Zukunft miteinander auskommen?"
2597,Age Matters,ROMANCE,Enjelicious,THURSDAY,129,12726,9.71,1129058,63911,ONGOING,False,"Rose ist eine hoffnungslose Romantikerin die bald 30 wird. Ihr Leben war ereignislos, bis sie von einem jungen, reichen, attraktiven Typ eingestellt wird. Alles was sie weiß, ist, dass er arrogant ist und nur macht was ihm gefällt. Aber warum kann sie nicht aufhören, an ihn zu denken?"
2596,Castle Swimmer,FANTASY,Wendy Lian Martin,MONDAY,133,6900,9.59,487057,30240,ONGOING,False,"Was passiert, wenn dein gesamtes Leben von einer Prophezeiung vorherbestimmt wird -- deine Zukunft bestimmt von Leuten die du nicht kennst und die lange vor deiner Zeit gestorben sind? Das ist der Fall bei zwei jungen Meereskreaturen: Einer ist dazu vorherbestimmt, als „das Licht"" seinem Volk zu einer wohlhabenden Zukunft zu verhelfen und der Andere dazu, das Licht zu töten, damit sein Volk gedeihen kann. Als Beide ihr Schicksal ablehnen führt dies zu einer unvorhersehbaren Romanze und zu einem Abenteuer, das so weit und rau ist wie das Meer selbst!  "
2595,Du und deine Briefe,DRAMA,Hyeon A Cho,WEDNESDAY,2,1592,9.46,21683,1153,COMPLETED,True,"Nachdem Sori gnadenlos gemobbt wurde, weil sie die Wehrlosen verteidigt hatte, wechselt sie auf eine neue Schule, um ein neues Leben anzufangen. Die bestehenden Probleme scheinen jedoch nicht gelöst zu sein und Sori fällt es schwer, sich anzupassen. Eines Tages findet sie einen versteckten Brief von einem Unbekannten, der ihr Hilfe im Schulleben leistet und zu weiteren Briefen führt. Wird sie wohl herausfinden, wer die Briefe geschrieben hat? Kann es sein, dass die Briefe an eine bestimmte Person gerichtet sind?"
2594,Die Kuss Wette,ROMANCE,Ingrid Ochoa,THURSDAY,110,3697,9.55,206267,12730,ONGOING,False,"Es ist ihr letztes Schuljahr und Sara Lin ist 18 geworden. Sie hat tolle Freunde, einen coolen Dad (zumindest denkt er das), und noch eine ganze Menge vor sich. Das Letzte, was sie braucht, ist sich Sorgen um ihren ersten Kuss zu machen. Jedoch wird sich auch das ganz schnell ändern, denn ihr alter Kumpel Patrick schließt mit ihr eine Wette, die entweder zu Liebe, Kummer oder peinlichen Situationen führt … oder vielleicht alles auf einmal? "
2593,Die violette Hyazinthe,THRILLER,"Ephemerys,Sophism",SUNDAY,124,6171,9.81,336273,24004,ONGOING,False,"Ihre Fähigkeit, Lügen zu erkennen, hat sie zu einer hervorragenden Polizistin gemacht – obwohl sie ständig von den traumatischen Erinnerungen heimgesucht wird, dass sie ihre Geliebten nicht vor einem grausamen Schicksal retten konnte. Jetzt nutzt sie ihre mächtige Gabe, um die Hilflosen um jeden Preis zu verteidigen und um das Böse in einer verrückten Welt zu bekämpfen, auch wenn das bedeutet, dass sie sich mit einem tödlichen Attentäter zusammenschließen muss."
2592,Suitor Armor,FANTASY,Purpah,FRIDAY,73,3799,9.43,209212,10081,ONGOING,False,"Lucia glaubt, dass die königliche Hochzeit zu überstehen der schwierigste Teil ihres neuen Lebens wird - bis sie sich Hals über Kopf in Modeus, einen aufstrebenden Ritter der Königswache, verliebt. Mit neu erwachtem Interesse entdeckt sie schnell die Geheimnisse des Königreichs, darunter auch die Tatsache, dass Modeus in Wahrheit eine verzauberte Rüstung ohne Seele ist. Ist er mehr als nur eine glänzende Rüstung?"
2591,Der Boxer,ACTION,JH,SUNDAY,3,5713,9.73,378759,14699,COMPLETED,True,"Hast du das Talent dazu, ein Meister zu werden? Oder bist nur ein Außenseiter? Zeig, aus welchem Holz du geschnitzt bist - Der wahre Kampf beginnt jetzt!"
2590,Fragiler Held,ACTION,"SEOPASS,RAZEN",FRIDAY,126,4466,9.47,344380,15058,ONGOING,False,"Sobald du zur Zielscheibe wirst, ist es aus. Diese Schule wird von Tyrannen beherrscht, deren Hobby es ist, die Schwächsten der Klasse zu schickanieren. Aber dann kam Gray. Er mag zwar von kleiner Statur sein, aber sein berechnender, brutaler Kampfstil lässt die Gegner um Gnade flehen. Dieser mysteriöse neue Schüler zerstört die bestehende Ordnung -- ab jetzt müssen die taffen Mobber der Schule sich darum schlagen, diesen neuen Helden zu besiegen!"
2589,Lore Olympus,ROMANCE,Rachel Smythe,"THURSDAY,SUNDAY",155,9439,9.43,623967,26168,ONGOING,False,"Bezeuge, was die Götter nach der Dämmerung tun. Freundschaften und Lügen, Gerüchte und wilde Partys, und natürlich, die verbotene Liebe. Die Götter sind in Wahrheit nicht viel anders als wir, besonders wenn es um Probleme geht. Stilvoll und eindringlich wird die  -- Entführung der Persephone -- eine der größten Geschichten der Mythologie, erzählt wie nie zuvor. "
2588,SubZero,ROMANCE,Junepurrr,WEDNESDAY,114,24740,9.74,2507056,79049,ONGOING,False,"Was würdest du opfern, um deine Famile zu retten? Wie weit würdest du gehen, um dein Volk zu schützen? Für Clove, die letzte Prinzessin eines fast ausgestorbenen Drachenclans, ist die Antwort unvorstellbar: Heirate deinen größten Feind, um Frieden zu schließen."
2587,Club der verfluchten Prinzessinnen ,COMEDY,LambCat,WEDNESDAY,128,3024,9.44,224561,15156,ONGOING,False,"Triff Gwendolyn – den lebenden Beweis dafür, dass nicht jede Prinzessin unbedingt perfekt ist. Obwohl sie in einem Palast wohnt, und ihr Vater der König ist, ist Gwendolyn nicht wie die typischen Prinzessinnen aus Filmen oder Märchen: Sie hat zwar ein großes Herz, aber ist nicht besonders attraktiv und hat auch keine disneymäßige Gesangsstimme. Eines Nachts stößt sie zufällig auf den Club der verfluchten Prinzessinnen. Verflucht und vertrieben, sind die Ladies des Clubs genau die richtigen Leute, um Gwendolyn davon zu überzeugen, dass sie nicht weniger Prinzessin ist, nur weil sie nicht ,normal‘ ist. "
2586,Die Männer des Harems,ROMANCE,"HereLee,Alphatart,Yeongbin",FRIDAY,85,12514,9.32,775105,31827,ONGOING,False,"Nachdem Latil von ihrem Liebhaber verlassen und ihr Vater auf mysteriöse Weise ermordet wurde, muss sie heiraten, 
um die Macht über den kaiserlichen Thron von Tarium zu sichern. 
Aber statt nur einen Gemahl zu wählen, wählt sie fünf gänzlich verschiedene Männer und ruft einen Harem aus. 
Wird es ihr gelingen, als Kaiserin von Tarium den Mord an ihrem Vater aufzuklären und Frieden in ihrem Harem zu wahren? "
2585,Wie ein welker Ast im Winde,ROMANCE,"Dalsaeowl,Hwaeum",THURSDAY,81,20909,9.54,1468191,50501,ONGOING,False,"Die Pest hat Rieta Tristi ihren Ehemann genommen, Sklavenhändler haben ihr Kind entführt, und jetzt will ein boshafter Adeliger sie als seine Grabbeigabe lebendig begraben lassen. Während Rieta sich in Lebensgefahr befindet, taucht plötzlich der berüchtigte Großherzog von Axias auf. Wird er Rieta aus ihrer Misere befreien?"
2584,Die unliebsame Neue,ROMANCE,Nylana,MONDAY,49,8780,9.71,456353,17828,HIATUS,False,"Als der wohlhabende Student Chiko Dyer von seiner langjährigen Freundin verlassen wird, beginnt er, eine seltsame Beziehung zu einem Liefermädchen aufzubauen. "
2583,Freaking Romance,ROMANCE,Snailords,"MONDAY,THURSDAY",16,17765,9.6,1226509,49195,COMPLETED,True,"Endlich beginnt Zylith ihr eigenes Leben, und zieht in ihre Traumwohnung ein – bloß mit einem kleinen Problem – und zwar, soll es in der Wohnung spuken! Der Fremde in Zyliths Wohnung scheint jedoch kein Gespenst zu sein, aber klar ist: ER kann sie nicht sehen und SIE kann ihn nicht berühren. Aber wer sagt schon, dass jede Beziehung perfekt anfängt?"
2582,Der allwissende Leser,FANTASY,"sing N song,UMI,Sleepy-C",FRIDAY,109,20067,9.87,1221904,59674,ONGOING,False,"Damals hatte Dokja noch überhaupt keine Ahnung. Er hatte keine Ahnung, dass sein Lieblings-Web-Roman ‘Drei Wege um die Apokalypse zu überleben’ Realität wird und dass er der einzige ist, der weiß wie der Weltuntergang aussehen wird. Er hatte auch keine Ahnung, dass er letztendlich der Protagonist von diesem Roman werden würde. Jetzt begibt sich Dokja auf eine Reise, um den Lauf der Geschichte zu ändern und die Menschheit zu retten! "
2581,Poppy um Mitternacht,ROMANCE,Lilydusk,FRIDAY,103,26645,9.71,3087344,86013,HIATUS,False,Nach einem gruseligen Fund auf dem Land kreuzen sich die Wege der schüchternen Buchredakteurin Poppy und eines jungen Mafiabosses sowie dessen Bodyguard. Seit dieser Begegnung taucht Poppy mit jedem Schritt tiefer in die gefährliche Unterwelt der Stadt ein.
2580,Dein Thron,FANTASY,SAM,SUNDAY,127,15295,9.72,993217,43833,HIATUS,False,"Spannungen brauen sich zusammen unter der scheinbar ruhigen Oberfläche des Vasilios-Reiches, ein Königreich, das von der kaiserlichen Familie und dem Tempel beherrscht wird. Fräulein Medea Solon hat ihren Platz neben dem Kronprinz Eros verloren, aber sie hat sich vorgenommen, alles nötige zu tun, um zurückzugewinnen, was rechtmäßig ihr gehört. Wird sie ihren Thron zurückerobern?"
